"","followup_fallstudyhours","followup_getwritinghelp","followup_metwithinstructor","followup_metwithfreetutor","followup_imptodowellatuoft","followup_depressed","followup_stressed","fathers_education","mothers_education","fall_meangrade_year1","exp_gradschl","agreeableness2","agreeableness","extraversion2","extraversion","study_habit"
"1",5,5,5,1,6,1,2,4,5,66,1,1.79461526870728,1,0.604456007480621,1,11
"2",6,4,2,0,6,0,0,2,1,80.5,0,-0.710559010505676,0,-0.514051795005798,0,6
"3",1,1,0,0,5,2,2,3,8,51,1,1.02379238605499,1,0.125095501542091,1,1
"4",11,4,5,0,6,1,2,6,6,86,1,0.0602638274431229,1,-1.95213317871094,0,9
"5",5,2,0,0,6,2,3,7,7,73.75,0,0.0602638274431229,1,0.444669157266617,1,2
"6",6,2,0,2,7,1,2,6,6,77.75,0,-0.710559010505676,0,0.284882336854935,1,4
"7",7,2,0,0,2,0,0,6,2,28.3333339691162,0,-2.44491028785706,0,0.444669157266617,1,2
"8",3,4,1,0,4,2,3,2,1,29.5,1,-1.28867614269257,0,-2.11192011833191,0,5
"9",3,2,2,0,5,2,3,8,7,54,1,1.79461526870728,1,-1.79234635829926,0,4
"10",2,4,5,0,4,0,1,7,8,64.1999969482422,0,-0.325147598981857,0,-0.833625435829163,0,9
"11",4,4,0,0,7,1,1,6,6,92.6666641235352,1,-1.09597039222717,0,-0.194478139281273,0,4
"12",14,5,2,2,6,1,1,8,6,81,1,-0.132441878318787,0,-1.31298589706421,0,9
"13",50,4,2,0,5,2,2,6,5,79.3333358764648,0,1.21649813652039,1,-1.15319907665253,0,6
"14",20,4,1,0,6,2,2,7,7,82.3333358764648,0,0.252969533205032,1,-1.47277271747589,0,5
"15",3,1,0,0,4,0,1,4,2,84.3333358764648,0,1.02379238605499,1,-1.47277271747589,0,1
"16",4,5,0,0,6,2,2,6,6,79.25,0,-0.517853319644928,0,0.284882336854935,1,5
"17",3,5,2,2,5,2,2,6,6,72,0,-0.710559010505676,0,1.08381640911102,1,9
"18",2,5,2,1,4,3,2,6,6,76.75,1,-0.903264701366425,0,0.604456007480621,1,8
"19",48,2,8,5,7,2,3,0,0,72.75,1,0.831086695194244,1,-0.833625435829163,0,15
"20",18,4,2,2,3,1,1,6,5,64,1,1.21649813652039,1,-0.67383861541748,0,8
"21",4,3,8,2,7,1,2,0,5,68,1,-2.05949902534485,0,0.125095501542091,1,13
"22",2,3,0,0,7,1,1,6,6,47.3333320617676,0,-0.325147598981857,0,-0.67383861541748,0,3
"23",8,3,1,1,5,1,2,1,7,73.3333358764648,0,0.831086695194244,1,0.125095501542091,1,5
"24",6,4,0,0,7,3,3,6,6,51.25,0,-0.325147598981857,0,0.924029648303986,1,4
"25",1,4,0,0,7,1,2,6,6,69,1,1.40920376777649,1,-0.514051795005798,0,4
"26",1,5,0,0,6,3,3,6,6,69,1,-0.903264701366425,0,0.444669157266617,1,5
"27",35,4,0,0,5,2,3,8,8,91.5,0,0.0602638274431229,1,0.125095501542091,1,4
"28",1,1,1,2,5,1,3,6,6,70,0,-0.325147598981857,0,0.284882336854935,1,4
"29",9,4,2,2,4,2,2,6,5,55,0,0.252969533205032,1,-1.95213317871094,0,8
"30",5,5,0,0,6,1,2,1,1,67.25,1,1.40920376777649,1,0.924029648303986,1,5
"31",2,3,0,0,2,1,2,7,6,66.75,0,-1.48138189315796,0,1.2436032295227,1,3
"32",3,4,0,0,4,3,3,6,6,56,1,0.445675253868103,1,0.125095501542091,1,4
"33",6,4,0,5,7,2,3,6,6,80,0,-1.28867614269257,0,1.56317687034607,1,9
"34",5,5,2,5,7,3,3,1,1,75.5,0,0.831086695194244,1,-1.31298589706421,0,12
"35",3,4,0,0,4,1,2,6,6,51,0,1.02379238605499,1,0.284882336854935,1,4
"36",4,3,1,0,7,1,1,6,6,73.3333358764648,0,-0.710559010505676,0,0.284882336854935,1,4
"37",2,4,5,5,5,0,2,8,6,74,1,-0.903264701366425,0,-0.0346913151443005,0,14
"38",8,2,0,1,5,0,1,7,8,60.75,1,-0.710559010505676,0,-0.354264974594116,0,3
"39",3,4,0,5,6,2,3,2,1,68.5,0,-1.09597039222717,0,0.764242827892303,1,9
"40",14,1,2,1,6,2,3,6,6,56.75,0,-0.517853319644928,0,1.40339004993439,1,4
"41",13,1,1,0,7,2,3,5,5,65,0,-1.28867614269257,0,-0.194478139281273,0,2
"42",9,5,1,0,7,2,2,5,6,73,0,0.831086695194244,1,0.764242827892303,1,6
"43",5,5,2,2,6,0,1,6,6,60.6666679382324,0,-1.09597039222717,0,1.2436032295227,1,9
"44",8,3,0,2,6,2,2,8,8,89.1999969482422,1,-1.09597039222717,0,0.284882336854935,1,5
"45",2,3,2,5,7,0,1,5,5,70,0,0.445675253868103,1,-0.67383861541748,0,10
"46",3,1,0,0,6,3,3,6,1,63.5,1,0.445675253868103,1,-0.833625435829163,0,1
"47",3,5,0,2,7,3,3,5,5,62,0,0.0602638274431229,1,-0.0346913151443005,0,7
"48",30,1,5,5,7,2,3,6,6,62.5,0,0.638380944728851,1,-0.833625435829163,0,11
"49",5,2,5,1,7,2,3,6,2,79,1,0.831086695194244,1,-1.95213317871094,0,8
"50",18,4,2,0,7,1,2,6,2,76.6666641235352,1,0.638380944728851,1,-0.993412256240845,0,6
"51",6,4,1,1,4,3,3,5,7,34,1,0.831086695194244,1,-0.514051795005798,0,6
"52",1,3,2,2,5,2,2,2,2,54.6666679382324,0,-0.903264701366425,0,-0.0346913151443005,0,7
"53",20,3,0,0,6,0,1,0,0,71,1,0.252969533205032,1,-1.63255953788757,0,3
"54",15,2,1,0,7,1,3,6,2,96,1,1.40920376777649,1,-0.354264974594116,0,3
"55",15,3,1,0,4,1,2,7,0,77.75,1,1.02379238605499,1,-0.514051795005798,0,4
"56",4,5,1,5,5,3,3,5,2,67.3333358764648,0,1.02379238605499,1,1.08381640911102,1,11
"57",10,4,1,1,6,2,3,6,2,64.5,1,-0.325147598981857,0,-0.833625435829163,0,6
"58",4,6,1,2,7,2,2,2,2,48.6666679382324,0,-0.132441878318787,0,0.284882336854935,1,9
"59",8,6,5,5,7,0,1,7,7,21,1,-0.325147598981857,0,-0.194478139281273,0,16
"60",5,5,1,5,5,2,3,7,6,67.5,0,-0.132441878318787,0,-0.0346913151443005,0,11
"61",4,2,2,8,6,3,3,6,5,78.5,1,1.02379238605499,1,0.764242827892303,1,12
"62",2,4,2,0,6,3,1,5,2,90,0,0.445675253868103,1,-0.514051795005798,0,6
"63",8,5,0,5,7,2,2,6,6,71.6666641235352,1,-0.710559010505676,0,0.764242827892303,1,10
"64",5,2,2,2,3,2,1,5,2,56,0,-0.325147598981857,0,-0.0346913151443005,0,6
"65",7,4,0,1,5,1,2,6,6,80.6666641235352,0,0.252969533205032,1,-0.194478139281273,0,5
"66",1,4,0,0,4,1,2,1,1,67.5,0,1.02379238605499,1,-1.79234635829926,0,4
"67",2,2,0,0,2,2,1,6,6,75.3333358764648,0,1.21649813652039,1,-0.354264974594116,0,2
"68",15,6,2,2,7,1,2,7,1,60,1,0.445675253868103,1,1.40339004993439,1,10
"69",3,5,0,0,6,3,3,2,2,71.75,0,1.21649813652039,1,-0.514051795005798,0,5
"70",16,1,0,0,4,2,1,2,1,82.3333358764648,1,0.638380944728851,1,-0.0346913151443005,0,1
"71",6,5,2,5,7,3,2,0,2,68,1,-0.132441878318787,0,0.284882336854935,1,12
"72",4,4,2,0,3,1,1,6,4,65,1,0.445675253868103,1,-0.354264974594116,0,6
"73",3,4,1,5,7,3,3,5,1,81.3333358764648,0,0.0602638274431229,1,0.444669157266617,1,10
"74",30,6,2,0,7,0,3,0,0,65.75,0,0.831086695194244,1,-1.47277271747589,0,8
"75",20,4,0,2,3,2,2,5,6,70.3333358764648,1,-0.517853319644928,0,1.08381640911102,1,6
"76",10,3,2,2,3,3,3,2,2,61,1,-1.28867614269257,0,0.125095501542091,1,7
"77",10,4,0,0,7,1,2,6,6,70.6666641235352,1,1.98732089996338,1,-1.31298589706421,0,4
"78",12,5,2,8,6,2,1,1,2,67,0,-0.903264701366425,0,0.125095501542091,1,15
"79",12,3,2,1,6,2,2,2,2,50,0,1.40920376777649,1,-0.194478139281273,0,6
"80",18,5,0,0,4,2,2,6,6,88.75,1,0.0602638274431229,1,-0.194478139281273,0,5
"81",5,5,5,8,5,1,1,6,6,59,1,-1.28867614269257,0,-1.79234635829926,0,18
"82",3,4,1,0,7,2,3,8,6,73,0,-1.67408752441406,0,2.04253745079041,1,5
"83",8,5,1,2,6,1,2,6,6,43,1,-0.710559010505676,0,-0.354264974594116,0,8
"84",30,5,1,0,6,1,1,6,6,84,0,0.638380944728851,1,-1.31298589706421,0,6
"85",14,4,0,0,7,0,1,2,5,70.5,1,0.0602638274431229,1,-0.0346913151443005,0,4
"86",24,3,1,0,7,2,2,7,8,57,1,0.0602638274431229,1,0.125095501542091,1,4
"87",4,2,1,1,3,3,3,6,6,77.3333358764648,1,1.02379238605499,1,0.125095501542091,1,4
"88",4,5,1,0,5,1,2,2,1,65.25,1,-0.903264701366425,0,-0.0346913151443005,0,6
"89",8,5,5,2,6,2,3,2,2,50,0,0.638380944728851,1,-2.11192011833191,0,12
"90",15,2,0,0,5,2,2,2,2,46.5,0,1.40920376777649,1,0.444669157266617,1,2
"91",5,2,0,2,5,1,2,1,5,45,0,0.831086695194244,1,0.444669157266617,1,4
"92",7,6,0,0,7,1,2,7,3,61.6666679382324,0,-0.517853319644928,0,1.40339004993439,1,6
"93",3,3,0,0,6,1,1,5,6,82.5,0,0.0602638274431229,1,-0.514051795005798,0,3
"94",24,2,0,0,6,2,1,6,7,85,1,1.79461526870728,1,-1.47277271747589,0,2
"95",2,3,1,0,7,2,2,5,6,55,1,-0.710559010505676,0,0.444669157266617,1,4
"96",4,4,0,1,7,0,2,5,5,78.25,0,-1.28867614269257,0,1.2436032295227,1,5
"97",2,1,0,0,7,3,3,0,0,56.5,0,0.445675253868103,1,-0.67383861541748,0,1
"98",4,2,0,0,7,2,1,6,6,84,1,0.638380944728851,1,0.604456007480621,1,2
"99",8,4,0,2,3,2,2,7,2,71.3333358764648,1,-0.325147598981857,0,0.764242827892303,1,6
"100",9,6,8,8,7,3,3,7,7,61,0,-0.132441878318787,0,0.284882336854935,1,22
"101",3,4,1,2,6,3,3,5,5,58,0,0.445675253868103,1,0.604456007480621,1,7
"102",10,3,1,2,6,3,0,6,1,78.25,1,-0.132441878318787,0,-0.194478139281273,0,6
"103",23,4,2,2,7,3,3,1,1,77.25,0,-0.132441878318787,0,-0.0346913151443005,0,8
"104",14,6,2,5,7,1,2,6,5,59,1,-0.517853319644928,0,0.125095501542091,1,13
"105",16,5,2,8,6,1,1,6,6,68.5999984741211,1,0.0602638274431229,1,-0.833625435829163,0,15
"106",15,5,0,2,5,2,2,6,2,78,0,0.252969533205032,1,0.444669157266617,1,7
"107",6,4,2,1,4,2,1,5,5,71.75,1,0.831086695194244,1,-0.354264974594116,0,7
"108",6,3,0,2,4,2,2,6,6,70,0,-1.28867614269257,0,0.604456007480621,1,5
"109",4,4,5,2,4,1,2,1,1,56,0,0.445675253868103,1,0.444669157266617,1,11
"110",6,3,0,1,4,1,2,6,6,67.5,0,-1.09597039222717,0,0.924029648303986,1,4
"111",3,4,2,0,6,0,2,7,6,73,0,0.638380944728851,1,-0.0346913151443005,0,6
"112",3,1,0,0,5,2,2,5,5,71,0,1.40920376777649,1,-0.514051795005798,0,1
"113",1,5,2,0,6,3,3,6,6,73,1,1.21649813652039,1,1.2436032295227,1,7
"114",20,4,0,1,5,0,1,2,2,69,1,0.252969533205032,1,0.125095501542091,1,5
"115",2,4,2,0,7,1,2,8,6,86.3333358764648,1,0.0602638274431229,1,1.08381640911102,1,6
"116",4,4,1,0,6,1,1,7,7,64,1,-2.25220465660095,0,1.40339004993439,1,5
"117",3,4,0,0,5,2,1,2,2,68.6666641235352,1,-0.132441878318787,0,0.924029648303986,1,4
"118",2,3,0,0,7,2,3,1,1,58.25,1,-0.517853319644928,0,-1.15319907665253,0,3
"119",57,5,2,2,6,1,0,6,6,86.25,1,0.638380944728851,1,-1.47277271747589,0,9
"120",6,4,2,2,5,1,2,0,0,54.5,0,1.21649813652039,1,-0.514051795005798,0,8
"121",4,3,0,0,5,1,2,2,6,78.75,0,0.638380944728851,1,-0.514051795005798,0,3
"122",3,5,0,0,6,3,3,7,7,60,1,0.638380944728851,1,-0.833625435829163,0,5
"123",10,4,0,0,5,1,1,6,5,83.6666641235352,0,0.445675253868103,1,-0.67383861541748,0,4
"124",9,3,2,1,7,1,1,6,4,82,0,0.0602638274431229,1,1.88275063037872,1,6
"125",2,4,1,2,6,2,2,7,7,14,1,0.638380944728851,1,-1.63255953788757,0,7
"126",14,2,2,1,7,2,3,1,5,76.25,1,1.60190951824188,1,-0.0346913151443005,0,5
"127",7,2,1,2,7,2,3,8,2,79,1,0.445675253868103,1,-0.514051795005798,0,5
"128",4,3,0,0,4,1,1,6,6,50,1,0.252969533205032,1,0.284882336854935,1,3
"129",14,3,0,1,6,3,3,7,6,80,1,0.445675253868103,1,1.08381640911102,1,4
"130",4,3,2,0,7,2,3,8,4,55.6666679382324,1,-0.325147598981857,0,1.88275063037872,1,5
"131",6,5,5,8,7,1,1,6,2,66,1,0.638380944728851,1,-0.833625435829163,0,18
"132",10,4,0,1,5,0,2,5,5,69,0,-0.325147598981857,0,1.08381640911102,1,5
"133",16,5,8,8,7,2,2,8,6,71,1,1.02379238605499,1,-1.31298589706421,0,21
"134",19,5,0,0,6,2,3,6,2,69,0,0.252969533205032,1,-1.15319907665253,0,5
"135",10,4,2,5,2,2,2,4,6,45.75,1,-1.09597039222717,0,0.444669157266617,1,11
"136",8,4,0,8,7,2,2,6,2,80,1,-0.903264701366425,0,-1.31298589706421,0,12
"137",15,4,2,2,4,2,2,8,8,53.5,1,-1.48138189315796,0,-0.354264974594116,0,8
"138",10,5,2,2,7,1,3,6,6,58,1,0.0602638274431229,1,0.444669157266617,1,9
"139",4,1,2,0,7,3,2,7,6,76.6666641235352,0,1.60190951824188,1,-0.833625435829163,0,3
"140",1,2,1,1,7,2,1,0,0,60.3333320617676,0,0.252969533205032,1,-0.194478139281273,0,4
"141",20,2,0,0,6,0,1,6,5,81.5999984741211,1,-0.325147598981857,0,-1.63255953788757,0,2
"142",3,4,5,2,4,2,2,1,2,65.3333358764648,0,0.831086695194244,1,0.604456007480621,1,11
"143",8,4,0,0,6,2,2,7,7,72,1,0.831086695194244,1,0.604456007480621,1,4
"144",2,2,2,1,7,3,2,8,7,81.5,1,0.445675253868103,1,-1.79234635829926,0,5
"145",35,5,2,8,7,2,2,7,5,76.5,0,-0.325147598981857,0,0.284882336854935,1,15
"146",2,5,1,1,5,1,1,7,6,75.25,1,-0.132441878318787,0,-1.63255953788757,0,7
"147",9,5,2,5,7,2,3,7,6,75.5,1,1.21649813652039,1,-1.47277271747589,0,12
"148",57,6,0,2,4,1,2,6,5,77.6666641235352,1,-1.28867614269257,0,0.444669157266617,1,8
"149",21,3,8,8,7,1,3,1,5,71,1,-0.132441878318787,0,-1.15319907665253,0,19
"150",21,6,2,8,7,2,2,0,5,59,1,0.638380944728851,1,2.04253745079041,1,16
"151",3,3,2,8,7,2,2,6,4,63,1,-0.132441878318787,0,1.2436032295227,1,13
"152",4,2,0,0,6,1,2,1,2,71.3333358764648,0,-0.710559010505676,0,1.08381640911102,1,2
"153",15,3,2,2,5,2,3,0,0,64.3333358764648,0,1.02379238605499,1,-0.194478139281273,0,7
"154",9,4,2,1,4,2,2,6,6,45,1,-0.517853319644928,0,0.125095501542091,1,7
"155",4,5,0,0,6,1,3,2,2,80,1,0.0602638274431229,1,0.924029648303986,1,5
"156",4,5,1,0,7,1,2,6,6,77,1,2.18002653121948,1,0.764242827892303,1,6
"157",5,6,1,0,7,0,3,5,5,70,1,-2.63761615753174,0,1.72296380996704,1,7
"158",8,6,0,0,4,3,2,6,6,55.3333320617676,1,-0.325147598981857,0,0.764242827892303,1,6
"159",3,3,0,2,3,2,1,8,0,58.5,0,-0.517853319644928,0,0.284882336854935,1,5
"160",4,1,0,0,6,3,2,7,6,84.75,1,-0.710559010505676,0,-0.514051795005798,0,1
"161",3,3,2,2,7,3,3,4,6,71,1,-0.517853319644928,0,1.88275063037872,1,7
"162",14,2,5,2,7,1,3,7,6,76,1,-0.132441878318787,0,1.56317687034607,1,9
"163",16,5,5,5,6,1,2,2,2,61.5,0,-0.710559010505676,0,-0.194478139281273,0,15
"164",4,5,2,0,6,2,3,6,4,73.5,1,1.21649813652039,1,-1.31298589706421,0,7
"165",4,4,5,5,6,2,3,8,5,59,1,-0.517853319644928,0,0.444669157266617,1,14
"166",4,5,0,1,5,2,1,5,5,29,0,-0.903264701366425,0,-0.0346913151443005,0,6
"167",8,4,2,1,7,2,1,7,7,66,0,0.638380944728851,1,0.284882336854935,1,7
"168",10,4,2,2,7,3,3,5,2,78,0,-0.903264701366425,0,1.08381640911102,1,8
"169",2,3,2,2,2,1,2,7,2,77.6666641235352,0,0.252969533205032,1,-0.833625435829163,0,7
"170",2,2,0,0,3,3,2,2,3,80.5,1,-0.517853319644928,0,0.604456007480621,1,2
"171",4,5,5,2,7,0,1,6,1,63,1,-0.132441878318787,0,-0.354264974594116,0,12
"172",9,1,2,5,5,2,3,6,5,79.3333358764648,0,-0.132441878318787,0,0.764242827892303,1,8
"173",7,5,2,8,7,1,3,8,5,70.5,0,-1.48138189315796,0,2.2023241519928,1,15
"174",2,4,2,2,6,1,2,7,6,61,1,0.638380944728851,1,-0.833625435829163,0,8
"175",25,4,2,0,5,1,1,4,6,92.1999969482422,1,0.445675253868103,1,-1.31298589706421,0,6
"176",22,5,8,8,2,1,2,1,1,75.3333358764648,0,-0.903264701366425,0,-0.514051795005798,0,21
"177",2,3,0,1,6,1,1,6,2,51.6666679382324,1,-0.903264701366425,0,-0.514051795005798,0,4
"178",30,3,8,2,7,2,2,7,7,74,1,1.02379238605499,1,0.764242827892303,1,13
"179",2,4,1,1,5,0,1,0,2,61.3333320617676,0,0.831086695194244,1,-0.0346913151443005,0,6
"180",15,4,1,0,6,3,2,1,1,64,0,-0.517853319644928,0,-1.31298589706421,0,5
"181",4,2,1,0,7,3,3,0,3,74,1,-0.325147598981857,0,0.284882336854935,1,3
"182",15,5,0,2,7,2,2,6,6,80.5,1,0.445675253868103,1,-0.67383861541748,0,7
"183",4,2,1,0,5,3,2,5,5,66.5,0,0.831086695194244,1,-1.63255953788757,0,3
"184",6,2,2,0,7,2,2,6,6,53,0,0.445675253868103,1,-0.993412256240845,0,4
"185",18,4,2,2,4,3,1,2,5,57,1,-0.903264701366425,0,0.444669157266617,1,8
"186",20,2,2,0,7,2,1,1,1,77,1,-0.517853319644928,0,-2.75106739997864,0,4
"187",6,4,0,1,5,2,3,6,6,79,0,0.0602638274431229,1,-0.67383861541748,0,5
"188",3,4,0,1,7,1,2,1,1,62,0,0.445675253868103,1,-1.31298589706421,0,5
"189",7,5,0,0,4,3,2,3,5,66,1,-0.710559010505676,0,1.08381640911102,1,5
"190",6,2,0,1,5,2,1,0,5,68.75,0,0.445675253868103,1,0.125095501542091,1,3
"191",6,5,2,2,7,1,3,6,5,60,0,-0.132441878318787,0,-0.0346913151443005,0,9
"192",12,4,0,1,7,2,3,5,5,68,0,0.638380944728851,1,-0.354264974594116,0,5
"193",5,3,1,0,4,2,2,6,6,61.5,0,-0.517853319644928,0,0.444669157266617,1,4
"194",4,4,0,0,6,3,2,6,6,75,1,1.79461526870728,1,-0.833625435829163,0,4
"195",6,4,1,2,6,0,2,1,1,71,1,0.0602638274431229,1,0.125095501542091,1,7
"196",21,3,1,1,4,2,2,7,6,83,1,0.638380944728851,1,-0.514051795005798,0,5
"197",4,1,0,0,6,2,2,6,5,58,1,-2.63761615753174,0,-0.514051795005798,0,1
"198",10,3,1,1,6,2,2,2,2,50,0,1.40920376777649,1,1.56317687034607,1,5
"199",4,4,2,2,7,1,2,7,6,78.3333358764648,1,-0.517853319644928,0,0.444669157266617,1,8
"200",4,3,8,5,4,2,1,2,2,83,0,-0.325147598981857,0,0.444669157266617,1,16
"201",7,5,0,0,7,3,3,0,3,22.5,0,-1.48138189315796,0,1.2436032295227,1,5
"202",7,3,2,0,7,1,2,2,3,46,1,0.445675253868103,1,-1.15319907665253,0,5
"203",7,5,1,0,5,2,3,6,6,60.5,0,-0.132441878318787,0,0.284882336854935,1,6
"204",10,3,2,0,7,3,3,7,7,67.5,0,1.02379238605499,1,-0.0346913151443005,0,5
"205",8,4,0,0,5,2,3,2,2,70,0,-0.325147598981857,0,-0.354264974594116,0,4
"206",3,4,1,2,3,2,2,2,4,72.3333358764648,0,-0.710559010505676,0,0.764242827892303,1,7
"207",3,3,1,1,6,1,1,6,6,81,0,-0.517853319644928,0,0.764242827892303,1,5
"208",2,3,1,0,6,3,2,7,8,88.5,0,0.831086695194244,1,-2.11192011833191,0,4
"209",8,2,1,8,7,2,1,7,6,60,0,0.0602638274431229,1,-1.15319907665253,0,11
"210",3,4,0,1,7,2,3,6,6,63,1,1.02379238605499,1,0.444669157266617,1,5
"211",20,4,5,0,7,2,3,6,7,71.3333358764648,1,-3.21573328971863,0,1.2436032295227,1,9
"212",10,4,2,0,2,1,2,6,7,70,1,0.0602638274431229,1,-0.514051795005798,0,6
"213",10,4,5,2,7,1,0,5,5,77,0,-0.325147598981857,0,0.284882336854935,1,11
"214",10,4,1,0,6,0,3,2,2,71,0,-0.325147598981857,0,-0.833625435829163,0,5
"215",50,5,2,0,7,1,3,6,7,93,0,0.445675253868103,1,-0.833625435829163,0,7
"216",7,3,1,2,5,1,2,8,8,38,0,-0.903264701366425,0,0.444669157266617,1,6
"217",7,5,5,5,6,2,1,1,2,63,1,-0.903264701366425,0,-0.194478139281273,0,15
"218",3,4,2,8,7,1,2,8,0,65,0,-1.67408752441406,0,-0.993412256240845,0,14
"219",20,2,2,2,6,1,1,7,6,70,0,0.252969533205032,1,-0.354264974594116,0,6
"220",4,5,0,1,5,1,2,8,8,80,1,0.252969533205032,1,-0.0346913151443005,0,6
"221",4,6,0,0,7,1,2,6,6,78,1,0.252969533205032,1,-1.63255953788757,0,6
"222",6,4,0,0,4,2,3,3,2,59.3333320617676,0,-0.132441878318787,0,0.444669157266617,1,4
"223",8,5,1,2,5,1,2,0,5,77,0,1.02379238605499,1,-1.79234635829926,0,8
"224",7,2,0,0,7,0,2,3,6,69,1,0.831086695194244,1,-1.15319907665253,0,2
"225",2,2,1,2,7,0,3,2,1,58,1,0.0602638274431229,1,0.764242827892303,1,5
"226",2,4,0,0,6,1,1,5,1,67.5,0,-0.710559010505676,0,0.284882336854935,1,4
"227",5,4,0,0,3,2,1,7,6,83.5,1,-0.325147598981857,0,-0.194478139281273,0,4
"228",3,5,8,8,6,2,3,6,1,73,0,0.0602638274431229,1,-0.0346913151443005,0,21
"229",10,4,2,8,6,1,1,6,6,75.5,0,0.445675253868103,1,-1.15319907665253,0,14
"230",57,6,0,2,7,1,1,2,2,63.5,1,-0.517853319644928,0,0.284882336854935,1,8
"231",22,4,0,0,7,1,2,2,5,76.5,0,-0.132441878318787,0,0.924029648303986,1,4
"232",20,4,0,0,4,2,1,7,6,85,1,-1.09597039222717,0,-1.63255953788757,0,4
"233",25,5,0,1,5,0,2,6,7,90,1,0.0602638274431229,1,2.04253745079041,1,6
"234",20,2,0,0,6,2,2,1,5,83,1,-0.325147598981857,0,0.604456007480621,1,2
"235",20,5,0,0,5,2,3,6,5,68,1,1.02379238605499,1,-1.47277271747589,0,5
"236",5,4,2,2,5,1,2,6,6,55.5,1,-1.67408752441406,0,-0.0346913151443005,0,8
"237",11,3,2,1,7,3,3,5,0,65.6666641235352,1,0.445675253868103,1,-0.514051795005798,0,6
"238",12,3,1,2,7,0,1,7,7,87,1,-2.44491028785706,0,-0.67383861541748,0,6
"239",30,4,0,1,7,2,2,6,6,78,0,0.638380944728851,1,-0.993412256240845,0,5
"240",8,4,1,5,6,3,1,5,5,63,1,-0.710559010505676,0,0.444669157266617,1,10
"241",41,4,1,5,6,2,3,5,5,72.3333358764648,1,0.445675253868103,1,-0.194478139281273,0,10
"242",35,2,0,1,7,2,3,6,6,73.5,0,0.0602638274431229,1,-2.11192011833191,0,3
"243",30,3,5,2,6,1,1,2,5,76.75,1,1.79461526870728,1,0.444669157266617,1,10
"244",15,5,0,1,6,1,3,5,6,84,1,0.252969533205032,1,0.284882336854935,1,6
"245",3,4,1,0,4,2,2,7,6,82.5,0,-0.132441878318787,0,1.88275063037872,1,5
"246",12,4,1,8,7,2,2,6,6,83,1,-0.517853319644928,0,-0.514051795005798,0,13
"247",35,6,2,8,7,2,2,7,6,72,0,-1.28867614269257,0,-0.514051795005798,0,16
"248",21,4,5,8,6,1,1,6,6,89.5,1,1.02379238605499,1,1.2436032295227,1,17
"249",3,4,0,2,5,2,1,6,6,71.5,0,1.02379238605499,1,0.125095501542091,1,6
"250",14,4,2,5,6,2,3,2,2,65,1,0.0602638274431229,1,0.604456007480621,1,11
"251",24,4,1,0,5,1,2,6,6,82.5,1,1.02379238605499,1,-1.15319907665253,0,5
"252",38,4,1,2,7,2,3,8,8,73,1,0.638380944728851,1,0.284882336854935,1,7
"253",1,1,0,0,5,0,0,5,5,85,1,-1.67408752441406,0,-1.15319907665253,0,1
"254",24,4,2,0,6,3,3,6,5,87.3333358764648,1,-1.28867614269257,0,1.40339004993439,1,6
"255",16,4,0,2,6,1,1,5,5,71,0,0.831086695194244,1,-0.0346913151443005,0,6
"256",15,2,0,0,6,1,1,2,2,87.5,0,0.638380944728851,1,-1.95213317871094,0,2
"257",8,3,0,2,5,1,2,6,5,62,1,0.638380944728851,1,1.72296380996704,1,5
"258",3,2,2,0,7,2,2,6,7,63.75,1,0.831086695194244,1,-1.15319907665253,0,4
"259",5,3,5,2,3,1,1,6,7,82.5,1,-1.48138189315796,0,1.88275063037872,1,10
"260",2,4,1,2,3,1,2,7,7,56.5,1,0.0602638274431229,1,0.604456007480621,1,7
"261",20,1,0,0,7,2,3,6,6,81.5,1,1.79461526870728,1,-2.59128046035767,0,1
"262",4,4,2,2,4,1,2,0,1,56.75,1,0.445675253868103,1,0.764242827892303,1,8
"263",30,3,5,1,7,1,1,5,6,86,1,-1.67408752441406,0,-0.0346913151443005,0,9
"264",1,4,2,0,6,2,1,6,2,58.5,0,0.445675253868103,1,0.604456007480621,1,6
"265",20,5,0,1,7,1,3,7,6,87.3333358764648,1,-0.132441878318787,0,0.764242827892303,1,6
"266",15,5,1,1,5,3,3,2,3,68.5,1,-0.132441878318787,0,-0.0346913151443005,0,7
"267",15,3,2,2,3,1,2,2,5,77.3333358764648,0,-1.86679327487946,0,0.604456007480621,1,7
"268",6,3,0,0,7,2,2,6,0,90,1,0.638380944728851,1,-0.833625435829163,0,3
"269",7,3,0,1,7,1,2,7,6,75,1,1.21649813652039,1,0.125095501542091,1,4
"270",5,3,0,0,6,2,1,6,4,88,0,-1.09597039222717,0,0.764242827892303,1,3
"271",14,2,0,0,7,2,2,5,1,75,1,1.79461526870728,1,-1.15319907665253,0,2
"272",4,3,0,0,6,1,2,1,7,50,0,-0.903264701366425,0,0.604456007480621,1,3
"273",8,4,0,0,5,1,2,8,6,65.5,1,-0.517853319644928,0,0.604456007480621,1,4
"274",2,4,0,0,4,1,1,6,6,43,1,0.831086695194244,1,-1.15319907665253,0,4
"275",3,1,0,0,5,2,1,6,8,64,1,1.21649813652039,1,-0.993412256240845,0,1
"276",4,3,2,0,7,1,2,8,8,63.3333320617676,1,-1.67408752441406,0,1.88275063037872,1,5
"277",6,4,1,2,7,2,2,6,6,65.5999984741211,0,-0.903264701366425,0,-0.0346913151443005,0,7
"278",16,3,0,0,5,3,2,7,7,76.3333358764648,1,-1.48138189315796,0,1.56317687034607,1,3
"279",50,4,0,0,6,2,2,6,7,80.5,1,1.40920376777649,1,0.125095501542091,1,4
"280",16,3,0,5,6,1,2,1,1,83,1,0.445675253868103,1,-0.67383861541748,0,8
"281",1,2,1,0,6,2,2,5,6,63.5,1,-0.903264701366425,0,-0.514051795005798,0,3
"282",5,6,1,1,7,1,1,2,2,69.5,1,1.40920376777649,1,-1.63255953788757,0,8
"283",15,4,2,1,6,1,2,7,6,86.5,1,0.445675253868103,1,0.125095501542091,1,7
"284",35,4,2,2,7,3,3,8,6,76.5,1,0.0602638274431229,1,-0.194478139281273,0,8
"285",2,4,0,0,5,1,1,2,2,85,1,-1.09597039222717,0,-1.15319907665253,0,4
"286",5,4,1,0,6,2,2,6,6,70.5,1,0.252969533205032,1,-0.514051795005798,0,5
"287",10,4,1,1,6,2,3,2,2,76,0,0.638380944728851,1,-0.993412256240845,0,6
"288",1,4,0,1,7,1,2,2,1,76,0,1.02379238605499,1,-1.31298589706421,0,5
"289",10,4,0,1,6,2,3,5,2,33,0,0.445675253868103,1,-0.0346913151443005,0,5
"290",4,1,1,0,1,0,0,1,2,60,1,-0.903264701366425,0,0.444669157266617,1,2
"291",13,3,2,2,5,2,2,6,6,81.5,1,-1.09597039222717,0,0.924029648303986,1,7
"292",6,3,0,0,6,1,1,7,3,84,1,1.02379238605499,1,-0.993412256240845,0,3
"293",10,2,0,0,7,0,1,7,6,82.3333358764648,1,1.40920376777649,1,-2.11192011833191,0,2
"294",4,3,0,0,6,1,3,4,4,72,1,-4.17926168441772,0,1.56317687034607,1,3
"295",20,2,5,5,7,1,2,5,5,72,1,0.252969533205032,1,-1.79234635829926,0,12
"296",5,4,0,1,5,2,2,8,5,68,0,1.21649813652039,1,1.08381640911102,1,5
"297",10,3,0,0,6,1,1,2,2,62,1,0.831086695194244,1,-0.194478139281273,0,3
"298",4,3,0,0,5,1,1,7,7,92.5,1,0.252969533205032,1,-2.2717068195343,0,3
"299",40,2,0,0,3,2,2,5,5,78.5,1,-0.325147598981857,0,0.604456007480621,1,2
"300",30,6,2,0,7,1,2,2,2,81,1,-0.710559010505676,0,0.764242827892303,1,8
"301",8,3,0,5,6,1,1,6,5,74.4000015258789,1,0.252969533205032,1,-0.67383861541748,0,8
"302",25,3,0,1,7,3,2,0,6,60.5999984741211,1,0.831086695194244,1,-1.79234635829926,0,4
"303",4,3,2,2,3,2,1,2,2,61.6666679382324,0,-0.325147598981857,0,0.604456007480621,1,7
"304",10,3,0,1,5,2,2,7,7,70,1,0.445675253868103,1,-0.194478139281273,0,4
"305",3,2,1,2,7,2,2,0,5,81.6666641235352,1,-1.86679327487946,0,-0.514051795005798,0,5
"306",10,3,0,0,7,2,2,6,5,71,1,0.638380944728851,1,-1.31298589706421,0,3
"307",2,4,0,2,6,1,1,7,6,62.3333320617676,1,0.0602638274431229,1,-0.194478139281273,0,6
"308",40,5,1,0,6,3,3,8,8,78.5,1,0.445675253868103,1,-0.0346913151443005,0,6
"309",24,5,8,0,7,1,1,6,7,91,0,-2.44491028785706,0,-0.354264974594116,0,13
"310",10,3,2,8,7,1,2,6,6,91,0,-0.132441878318787,0,-1.31298589706421,0,13
"311",20,4,0,5,6,2,2,6,5,80,1,-0.325147598981857,0,0.764242827892303,1,9
"312",5,2,1,0,7,2,1,6,6,70,0,-1.09597039222717,0,0.284882336854935,1,3
"313",14,6,1,1,7,3,3,6,6,83,1,-1.09597039222717,0,-0.0346913151443005,0,8
"314",30,3,1,2,6,2,2,5,5,66,1,0.252969533205032,1,-0.354264974594116,0,6
"315",5,5,2,5,6,1,1,7,6,72,1,0.445675253868103,1,-1.63255953788757,0,12
"316",10,4,0,2,4,3,3,1,1,78,0,1.21649813652039,1,0.444669157266617,1,6
"317",8,5,0,2,5,1,1,7,4,63,0,1.40920376777649,1,-0.194478139281273,0,7
"318",16,5,2,2,7,3,3,7,6,77.5,1,0.831086695194244,1,0.604456007480621,1,9
"319",3,2,0,0,7,2,1,7,8,84.3333358764648,1,0.445675253868103,1,-1.15319907665253,0,2
"320",1,3,1,0,6,1,2,2,1,66.8000030517578,1,0.638380944728851,1,1.08381640911102,1,4
"321",10,2,0,0,5,2,2,2,2,77,1,1.40920376777649,1,-0.833625435829163,0,2
"322",1,2,0,0,7,3,3,6,2,60,1,1.02379238605499,1,-0.354264974594116,0,2
"323",50,4,2,8,7,3,3,4,2,69,1,1.02379238605499,1,-1.63255953788757,0,14
"324",8,2,0,0,6,0,3,1,2,83.3333358764648,1,-3.21573328971863,0,1.2436032295227,1,2
"325",2,5,0,0,6,2,1,7,5,66.5,1,0.638380944728851,1,0.284882336854935,1,5
"326",7,2,2,0,6,1,1,6,5,78.3333358764648,1,-1.28867614269257,0,-1.63255953788757,0,4
"327",8,5,1,1,7,3,2,5,5,50.5,1,-0.517853319644928,0,0.444669157266617,1,7
"328",14,4,1,1,7,1,2,6,6,67,1,-1.28867614269257,0,1.56317687034607,1,6
"329",7,4,2,0,4,1,2,4,2,87.3333358764648,0,-0.132441878318787,0,-0.354264974594116,0,6
"330",10,5,1,8,7,1,2,7,6,74,1,-1.67408752441406,0,1.72296380996704,1,14
"331",1,2,0,2,6,1,1,6,5,88.3333358764648,1,-0.132441878318787,0,2.04253745079041,1,4
"332",15,4,1,0,5,1,2,6,5,68,1,-0.903264701366425,0,-0.194478139281273,0,5
"333",7,5,2,0,6,1,1,6,6,77,1,1.60190951824188,1,0.764242827892303,1,7
"334",5,2,0,0,7,0,2,6,7,87,0,-0.325147598981857,0,-1.31298589706421,0,2
"335",7,5,0,0,5,2,2,7,7,71.3333358764648,1,1.02379238605499,1,-1.31298589706421,0,5
"336",14,4,0,2,7,1,2,8,8,84,1,-0.517853319644928,0,2.2023241519928,1,6
"337",4,4,0,0,5,0,0,8,6,81.5,1,0.638380944728851,1,-0.67383861541748,0,4
"338",6,5,0,0,5,3,3,6,7,50,0,0.445675253868103,1,0.284882336854935,1,5
"339",14,5,0,0,5,3,2,6,1,59,0,1.79461526870728,1,-1.15319907665253,0,5
"340",12,3,0,1,5,2,3,7,8,66,1,0.445675253868103,1,1.2436032295227,1,4
"341",10,5,0,0,7,3,2,3,1,62,0,0.0602638274431229,1,-2.2717068195343,0,5
"342",15,2,1,0,7,2,3,8,7,76,1,1.02379238605499,1,-1.63255953788757,0,3
"343",15,1,0,2,7,0,1,1,1,77.3333358764648,1,-1.28867614269257,0,-0.354264974594116,0,3
"344",15,6,1,2,6,1,3,7,7,57.5,1,-0.903264701366425,0,0.125095501542091,1,9
"345",30,3,2,2,4,1,2,7,6,58.3333320617676,1,0.831086695194244,1,-1.15319907665253,0,7
"346",6,5,0,1,7,2,2,7,6,63,0,-0.132441878318787,0,0.125095501542091,1,6
"347",18,4,0,2,7,2,2,2,6,66,1,-0.132441878318787,0,-0.993412256240845,0,6
"348",20,5,0,0,6,2,2,6,4,81.3333358764648,0,-2.25220465660095,0,0.284882336854935,1,5
"349",3,3,0,2,6,2,2,8,6,63.7999992370605,1,-1.48138189315796,0,2.2023241519928,1,5
"350",1,2,0,1,6,0,0,6,0,60,0,-2.25220465660095,0,0.604456007480621,1,3
"351",4,6,5,8,7,2,1,8,6,93.4000015258789,1,0.0602638274431229,1,0.764242827892303,1,19
"352",1,2,1,0,4,3,3,8,8,40,1,0.252969533205032,1,0.284882336854935,1,3
"353",12,3,2,1,7,1,1,2,7,85.75,1,0.638380944728851,1,1.88275063037872,1,6
"354",26,5,1,0,7,0,3,6,6,85,0,0.252969533205032,1,-1.47277271747589,0,6
"355",20,4,5,5,7,1,2,6,6,87,1,0.0602638274431229,1,0.444669157266617,1,14
"356",10,2,1,1,7,2,1,6,6,85,1,0.445675253868103,1,0.924029648303986,1,4
"357",10,3,0,2,6,1,2,6,6,65.5,1,0.831086695194244,1,-0.67383861541748,0,5
"358",2,1,0,0,7,3,3,2,2,72,1,-0.325147598981857,0,-2.11192011833191,0,1
"359",5,4,0,0,4,1,1,8,6,88.3333358764648,1,-0.132441878318787,0,-0.67383861541748,0,4
"360",41,5,2,2,7,2,2,7,6,57,1,-1.28867614269257,0,0.444669157266617,1,9
"361",42,6,2,8,7,2,1,6,5,68.6666641235352,1,-2.63761615753174,0,-0.194478139281273,0,16
"362",5,4,1,2,5,2,2,7,7,63.5,1,0.445675253868103,1,-0.67383861541748,0,7
"363",1,2,0,0,7,2,2,6,7,60,1,-0.710559010505676,0,0.125095501542091,1,2
"364",15,4,1,2,6,2,2,6,7,67,1,0.0602638274431229,1,-0.0346913151443005,0,7
"365",16,2,0,2,5,1,3,5,5,74.5,0,-0.903264701366425,0,1.72296380996704,1,4
"366",7,4,1,1,7,3,3,7,6,74,1,1.02379238605499,1,-0.354264974594116,0,6
"367",3,1,0,0,7,1,1,6,6,79.5,1,0.0602638274431229,1,0.125095501542091,1,1
"368",7,4,2,1,7,1,2,7,0,88,1,-0.903264701366425,0,-0.194478139281273,0,7
"369",3,3,2,5,3,2,3,3,5,72,1,-0.517853319644928,0,0.125095501542091,1,10
"370",13,5,0,1,5,3,2,1,2,64,1,-0.710559010505676,0,-0.0346913151443005,0,6
"371",15,2,0,0,6,1,2,6,7,67.3333358764648,0,0.831086695194244,1,-1.47277271747589,0,2
"372",8,3,2,0,6,1,1,7,7,73.5,1,-0.325147598981857,0,-1.15319907665253,0,5
"373",5,3,5,0,6,0,2,6,6,86.5999984741211,0,-1.48138189315796,0,-0.0346913151443005,0,8
"374",2,4,0,0,3,3,3,5,2,51.4000015258789,0,0.445675253868103,1,1.40339004993439,1,4
"375",4,3,1,1,3,2,1,2,2,81.6666641235352,0,0.638380944728851,1,0.764242827892303,1,5
"376",4,4,0,1,6,2,3,1,1,59,1,-0.132441878318787,0,-1.15319907665253,0,5
"377",2,3,0,0,6,2,3,6,6,58.5,0,0.0602638274431229,1,0.604456007480621,1,3
"378",6,5,1,8,7,3,3,6,6,77,1,1.79461526870728,1,-0.0346913151443005,0,14
"379",30,5,2,2,7,1,1,7,5,85,1,-0.325147598981857,0,-1.63255953788757,0,9
"380",25,5,1,5,6,2,1,4,2,80,1,-1.09597039222717,0,0.284882336854935,1,11
"381",6,3,0,1,7,1,2,0,0,75,1,0.445675253868103,1,-0.67383861541748,0,4
"382",3,3,0,0,6,0,1,6,5,76.6666641235352,1,-1.28867614269257,0,0.604456007480621,1,3
"383",6,3,0,2,5,1,1,6,7,68,1,-0.517853319644928,0,-1.95213317871094,0,5
"384",8,3,2,1,5,2,1,7,6,72,1,0.831086695194244,1,0.444669157266617,1,6
"385",15,3,0,1,7,0,2,2,5,77.5,1,0.638380944728851,1,0.604456007480621,1,4
"386",20,3,0,5,7,1,2,7,6,76,1,0.831086695194244,1,-0.514051795005798,0,8
"387",5,4,0,2,4,2,3,5,5,74,1,0.831086695194244,1,-1.31298589706421,0,6
"388",11,5,0,1,7,0,2,5,6,78.6666641235352,1,-1.67408752441406,0,1.2436032295227,1,6
"389",4,2,2,0,5,2,2,2,2,72.6666641235352,0,0.445675253868103,1,1.2436032295227,1,4
"390",4,4,0,2,6,0,2,7,6,79.6666641235352,1,-3.02302742004395,0,0.924029648303986,1,6
"391",4,4,0,1,5,1,1,2,2,65.25,0,1.21649813652039,1,-0.0346913151443005,0,5
"392",15,2,0,1,7,1,2,2,2,90,1,-2.44491028785706,0,0.924029648303986,1,3
"393",4,5,1,8,7,2,3,2,5,89.5,0,1.40920376777649,1,-0.354264974594116,0,14
"394",3,2,0,5,6,1,1,1,2,79.5,1,-1.67408752441406,0,0.284882336854935,1,7
"395",15,2,0,0,6,1,2,6,7,74,1,-0.325147598981857,0,-1.31298589706421,0,2
"396",25,5,2,2,6,3,3,6,6,68,1,-0.710559010505676,0,-0.0346913151443005,0,9
"397",4,4,1,5,3,2,1,7,7,67.5,1,-1.48138189315796,0,-0.67383861541748,0,10
"398",2,5,2,1,6,3,3,3,3,42,0,0.252969533205032,1,0.764242827892303,1,8
"399",12,2,0,2,5,1,1,6,6,66,1,-0.325147598981857,0,0.444669157266617,1,4
"400",2,4,0,2,7,1,2,6,6,84.3333358764648,0,-1.48138189315796,0,-0.514051795005798,0,6
"401",35,3,0,2,6,2,2,6,6,89.6666641235352,1,-0.517853319644928,0,-1.95213317871094,0,5
"402",39,4,1,0,6,0,0,0,0,81.5,1,1.98732089996338,1,-1.63255953788757,0,5
"403",12,3,2,2,2,1,1,6,6,71,0,-0.903264701366425,0,0.444669157266617,1,7
"404",2,3,2,1,6,1,1,6,6,18,1,0.638380944728851,1,0.444669157266617,1,6
"405",8,4,0,2,5,1,2,6,5,78,0,1.21649813652039,1,1.72296380996704,1,6
"406",12,2,1,2,6,1,2,0,0,73,1,-1.48138189315796,0,0.444669157266617,1,5
"407",14,5,5,5,7,1,1,6,5,81.6666641235352,1,0.252969533205032,1,1.08381640911102,1,15
"408",24,4,1,2,7,2,2,6,5,69.5,1,0.445675253868103,1,-0.0346913151443005,0,7
"409",6,2,0,0,4,2,2,7,6,74.3333358764648,1,-3.40843892097473,0,-0.833625435829163,0,2
"410",35,4,2,8,6,2,1,1,2,79,0,0.445675253868103,1,-0.0346913151443005,0,14
"411",30,5,0,2,7,1,1,6,6,82.3333358764648,1,-0.710559010505676,0,1.08381640911102,1,7
"412",24,6,0,1,7,3,3,6,7,77.5,1,0.445675253868103,1,-1.79234635829926,0,7
"413",5,4,5,5,7,0,2,2,2,64.5,0,1.60190951824188,1,-0.514051795005798,0,14
"414",3,4,0,0,7,2,3,2,6,70.5,0,0.831086695194244,1,0.764242827892303,1,4
"415",3,4,1,1,5,1,2,6,6,71,1,-0.517853319644928,0,0.125095501542091,1,6
"416",14,4,0,2,7,1,2,6,6,77,1,-0.710559010505676,0,0.284882336854935,1,6
"417",20,6,2,5,7,1,2,6,6,73,1,1.79461526870728,1,-1.15319907665253,0,13
"418",6,4,2,2,7,2,2,7,6,68.5,1,-0.325147598981857,0,1.2436032295227,1,8
"419",3,3,0,2,7,1,2,5,5,85,1,0.0602638274431229,1,-0.993412256240845,0,5
"420",1,1,1,0,5,2,2,5,5,52.5,0,0.638380944728851,1,-0.514051795005798,0,2
"421",1,3,2,2,3,2,1,6,2,53.2000007629395,1,0.445675253868103,1,-0.0346913151443005,0,7
"422",3,4,2,2,3,2,2,5,5,54,0,0.445675253868103,1,0.604456007480621,1,8
"423",24,5,2,2,7,3,3,2,2,86.5,0,0.445675253868103,1,-0.0346913151443005,0,9
"424",23,2,0,0,7,2,1,2,0,80,0,-0.325147598981857,0,-0.67383861541748,0,2
"425",21,6,2,5,7,2,3,0,0,86,1,0.0602638274431229,1,-0.993412256240845,0,13
"426",13,5,2,8,7,2,3,6,6,72.5,1,-0.132441878318787,0,0.125095501542091,1,15
"427",4,4,0,2,7,3,3,6,6,66.5,0,-1.09597039222717,0,2.84147143363953,1,6
"428",2,5,1,2,3,1,1,2,2,49,0,-1.28867614269257,0,0.444669157266617,1,8
"429",40,4,5,0,7,1,1,5,5,68,1,-0.710559010505676,0,-2.2717068195343,0,9
"430",13,5,2,2,7,1,1,7,6,82,1,1.60190951824188,1,-1.79234635829926,0,9
"431",12,3,1,1,6,1,1,8,7,80.5,1,-0.325147598981857,0,0.284882336854935,1,5
"432",9,4,1,2,5,2,2,6,6,67.5999984741211,0,0.445675253868103,1,0.924029648303986,1,7
"433",15,4,0,2,4,3,1,6,6,81.6666641235352,1,1.40920376777649,1,-1.31298589706421,0,6
"434",4,6,1,2,7,2,3,6,6,70,1,-0.132441878318787,0,-0.0346913151443005,0,9
"435",6,4,1,2,5,1,2,8,6,77,1,0.638380944728851,1,1.08381640911102,1,7
"436",15,2,8,0,7,2,3,6,6,83,1,-1.67408752441406,0,-1.31298589706421,0,10
"437",14,4,5,2,6,1,2,2,1,70.75,1,0.252969533205032,1,-0.354264974594116,0,11
"438",17,3,0,0,5,2,2,8,6,73,0,1.79461526870728,1,-0.833625435829163,0,3
"439",8,5,2,2,4,3,3,0,4,58.2000007629395,0,0.0602638274431229,1,0.284882336854935,1,9
"440",12,4,0,5,7,2,3,0,0,74,1,-1.86679327487946,0,0.764242827892303,1,9
"441",18,4,5,2,7,2,2,1,1,74.5,1,0.0602638274431229,1,1.88275063037872,1,11
"442",11,5,2,5,6,3,2,8,7,45.75,0,0.831086695194244,1,0.444669157266617,1,12
"443",1,2,1,2,1,1,0,6,1,37,0,1.21649813652039,1,-0.0346913151443005,0,5
"444",5,2,1,2,6,2,3,6,2,82.5,1,1.21649813652039,1,0.284882336854935,1,5
"445",6,6,0,0,7,1,2,7,7,72.5,1,0.831086695194244,1,1.40339004993439,1,6
"446",7,1,1,0,3,0,0,5,6,84,1,-0.710559010505676,0,-0.833625435829163,0,2
"447",6,1,0,0,7,1,1,7,7,82.6666641235352,1,0.831086695194244,1,-1.31298589706421,0,1
"448",22,3,1,0,3,1,2,7,6,64,1,0.0602638274431229,1,0.125095501542091,1,4
"449",9,4,1,8,6,1,2,4,4,54,1,0.638380944728851,1,-0.67383861541748,0,13
"450",4,2,0,0,6,2,1,6,6,80.6666641235352,1,-0.132441878318787,0,0.444669157266617,1,2
"451",40,2,1,1,7,2,2,7,6,83.6666641235352,1,-0.132441878318787,0,-2.59128046035767,0,4
"452",30,2,2,8,7,2,3,6,7,79.3333358764648,1,-0.903264701366425,0,-1.79234635829926,0,12
"453",15,2,2,0,6,1,2,6,6,74.75,1,0.638380944728851,1,0.444669157266617,1,4
"454",1,4,0,0,2,3,2,5,5,79,1,0.445675253868103,1,-1.47277271747589,0,4
"455",8,4,0,8,7,2,3,8,2,73,1,-0.517853319644928,0,0.284882336854935,1,12
"456",7,3,2,1,5,2,2,6,6,60,1,1.02379238605499,1,0.764242827892303,1,6
"457",5,2,1,2,3,1,2,6,5,51.5,1,-0.903264701366425,0,0.764242827892303,1,5
"458",5,4,1,0,6,1,2,7,6,81,1,-0.903264701366425,0,1.88275063037872,1,5
"459",2,5,2,2,3,2,2,7,6,62,0,-0.710559010505676,0,-0.354264974594116,0,9
"460",10,4,1,0,7,1,1,7,6,80,1,-0.132441878318787,0,0.444669157266617,1,5
"461",5,3,0,0,4,1,1,7,7,77.5,0,0.252969533205032,1,-0.0346913151443005,0,3
"462",20,5,0,0,6,2,2,5,6,50.5,1,1.21649813652039,1,-0.993412256240845,0,5
"463",16,5,2,8,6,0,3,6,6,75.5,1,-0.325147598981857,0,1.72296380996704,1,15
"464",22,3,0,2,5,1,1,7,7,60.5,0,0.0602638274431229,1,0.604456007480621,1,5
"465",8,2,0,0,5,3,3,7,7,57,1,0.445675253868103,1,-0.194478139281273,0,2
"466",15,4,0,2,7,2,2,6,4,79.3333358764648,0,0.638380944728851,1,-0.354264974594116,0,6
"467",5,6,0,0,6,1,0,6,6,75.3333358764648,1,0.252969533205032,1,0.604456007480621,1,6
"468",4,2,1,0,7,3,3,6,6,56,1,-1.09597039222717,0,1.40339004993439,1,3
"469",3,5,0,2,7,1,2,5,5,79,1,-0.132441878318787,0,-0.514051795005798,0,7
"470",12,2,0,1,5,1,2,0,0,63.75,0,0.0602638274431229,1,-1.79234635829926,0,3
"471",15,5,1,0,6,1,2,2,2,39,1,-0.517853319644928,0,0.284882336854935,1,6
"472",12,4,5,2,6,2,2,7,8,63,0,0.831086695194244,1,-0.194478139281273,0,11
"473",4,3,1,0,6,2,2,5,5,73,1,-1.28867614269257,0,-1.47277271747589,0,4
"474",57,6,0,8,7,1,2,6,6,69,0,0.831086695194244,1,-0.194478139281273,0,14
"475",23,6,1,0,7,0,1,7,6,77.6666641235352,1,1.02379238605499,1,-1.31298589706421,0,7
"476",2,1,0,0,6,2,3,6,0,65.1999969482422,0,1.02379238605499,1,0.604456007480621,1,1
"477",10,5,2,2,5,1,1,2,2,65,1,-0.325147598981857,0,1.08381640911102,1,9
"478",8,5,0,5,5,2,2,6,6,89.3333358764648,0,1.40920376777649,1,-0.833625435829163,0,10
"479",20,3,1,1,7,3,3,6,6,82.75,0,0.638380944728851,1,-1.95213317871094,0,5
"480",6,4,0,1,5,3,3,2,2,64.3333358764648,1,0.252969533205032,1,-0.67383861541748,0,5
"481",4,4,2,0,3,3,3,6,6,55.6666679382324,0,-0.132441878318787,0,0.764242827892303,1,6
"482",14,4,0,2,5,3,3,6,6,40.6666679382324,0,-0.517853319644928,0,0.125095501542091,1,6
"483",8,4,2,2,4,1,2,8,7,69.3333358764648,1,-2.25220465660095,0,-1.15319907665253,0,8
"484",3,3,2,2,5,2,2,8,5,77.5,1,0.252969533205032,1,-0.194478139281273,0,7
"485",8,3,5,2,4,1,2,1,2,69,0,0.638380944728851,1,0.764242827892303,1,10
"486",3,5,2,0,7,2,2,2,5,53,1,0.445675253868103,1,-0.0346913151443005,0,7
"487",6,4,1,0,6,2,2,2,2,55.4000015258789,1,0.0602638274431229,1,-0.194478139281273,0,5
"488",22,3,0,0,6,2,3,0,0,81,1,-0.903264701366425,0,-0.67383861541748,0,3
"489",5,5,0,1,5,3,2,7,7,73,1,0.445675253868103,1,-0.354264974594116,0,6
"490",20,1,0,0,7,3,3,2,0,75,1,1.21649813652039,1,1.56317687034607,1,1
"491",22,3,2,1,7,3,2,6,6,85.5,1,0.0602638274431229,1,0.125095501542091,1,6
"492",6,4,1,2,7,0,2,6,2,63,1,1.98732089996338,1,-0.354264974594116,0,7
"493",6,2,2,0,6,2,2,0,0,87,1,-0.325147598981857,0,-0.67383861541748,0,4
"494",40,4,1,8,6,0,0,3,3,63.7999992370605,1,-0.325147598981857,0,-0.833625435829163,0,13
"495",6,4,1,5,6,1,2,7,8,72,0,1.21649813652039,1,-0.514051795005798,0,10
"496",14,2,1,2,7,2,2,8,8,81,1,-0.325147598981857,0,-1.15319907665253,0,5
"497",9,4,0,0,7,1,1,7,5,89,0,-3.02302742004395,0,-1.63255953788757,0,4
"498",20,4,0,1,6,1,3,7,7,88,0,1.02379238605499,1,-2.43149375915527,0,5
"499",4,1,2,2,7,1,2,7,7,62.5,1,-1.28867614269257,0,-0.67383861541748,0,5
"500",6,4,5,1,7,2,3,8,8,58.5,1,-0.903264701366425,0,0.924029648303986,1,10
"501",12,4,5,2,7,3,3,6,6,64.5,1,0.831086695194244,1,-0.194478139281273,0,11
"502",4,5,1,1,4,1,2,2,2,75,0,-0.325147598981857,0,0.764242827892303,1,7
"503",12,5,1,0,4,1,1,7,7,73,1,-1.86679327487946,0,2.36211109161377,1,6
"504",25,5,1,8,6,1,1,6,6,78,1,-1.86679327487946,0,0.924029648303986,1,14
"505",9,2,0,0,5,2,2,7,6,70,1,0.638380944728851,1,1.40339004993439,1,2
"506",10,6,0,0,7,3,3,6,6,79,1,0.831086695194244,1,-0.993412256240845,0,6
"507",7,5,5,5,6,2,2,6,6,80,0,0.831086695194244,1,0.604456007480621,1,15
"508",5,5,0,0,5,2,2,6,6,32,0,-0.903264701366425,0,0.284882336854935,1,5
"509",15,5,2,2,7,0,2,3,6,71.5,1,0.445675253868103,1,0.604456007480621,1,9
"510",1,2,0,0,7,2,3,8,8,81,1,0.638380944728851,1,-0.514051795005798,0,2
"511",4,4,0,0,7,2,3,5,3,83.6666641235352,1,-2.83032178878784,0,-0.514051795005798,0,4
"512",25,6,2,1,7,1,1,3,6,74,1,-0.517853319644928,0,0.444669157266617,1,9
"513",2,5,2,2,6,0,1,5,2,75.8000030517578,0,1.02379238605499,1,-0.67383861541748,0,9
"514",35,5,5,5,7,2,3,7,6,71,1,0.638380944728851,1,-0.67383861541748,0,15
"515",11,2,2,2,7,2,2,6,6,74.5,1,0.252969533205032,1,1.08381640911102,1,6
"516",8,2,0,0,7,1,2,6,7,77.5,1,0.831086695194244,1,-0.67383861541748,0,2
"517",3,3,0,0,3,3,3,2,1,68,0,0.0602638274431229,1,0.444669157266617,1,3
"518",2,5,1,0,7,2,2,2,2,66,0,0.0602638274431229,1,-0.514051795005798,0,6
"519",2,4,0,2,7,3,3,5,5,75.5,0,-0.517853319644928,0,1.56317687034607,1,6
"520",4,5,1,8,7,2,3,4,6,75,1,-0.132441878318787,0,0.924029648303986,1,14
"521",10,2,1,1,4,1,2,6,5,82,1,0.0602638274431229,1,-0.67383861541748,0,4
"522",21,6,5,5,7,2,3,7,8,79,1,0.831086695194244,1,-0.354264974594116,0,16
"523",4,3,0,0,7,2,2,6,6,85,1,-0.517853319644928,0,0.125095501542091,1,3
"524",8,4,0,0,5,3,1,7,0,62,0,1.02379238605499,1,-0.993412256240845,0,4
"525",24,4,2,2,6,1,1,5,2,83.3333358764648,0,0.831086695194244,1,-0.993412256240845,0,8
"526",7,3,1,5,7,1,2,6,5,79.5,0,0.831086695194244,1,-1.63255953788757,0,9
"527",6,4,0,0,6,1,2,8,8,74,1,-3.02302742004395,0,1.40339004993439,1,4
"528",24,4,2,2,4,2,2,2,2,70.3333358764648,1,0.252969533205032,1,1.08381640911102,1,8
"529",40,4,2,2,4,0,0,7,8,74.3333358764648,0,0.0602638274431229,1,-0.514051795005798,0,8
"530",15,5,2,8,7,3,3,7,6,65.5,1,-0.132441878318787,0,0.125095501542091,1,15
"531",4,5,1,0,5,1,1,6,6,64,1,-0.903264701366425,0,0.125095501542091,1,6
"532",35,4,2,1,7,1,3,2,2,69,1,-2.25220465660095,0,1.08381640911102,1,7
"533",4,4,1,5,7,3,3,6,6,80.5,1,-1.28867614269257,0,0.125095501542091,1,10
"534",6,5,0,8,5,1,1,5,5,69.5999984741211,1,-0.710559010505676,0,0.604456007480621,1,13
"535",14,4,0,0,5,2,1,8,4,74,1,-0.517853319644928,0,0.764242827892303,1,4
"536",5,3,0,0,5,2,3,7,5,73.6666641235352,1,-1.09597039222717,0,-0.0346913151443005,0,3
"537",6,5,1,2,6,1,2,6,2,66,1,-0.132441878318787,0,0.284882336854935,1,8
"538",3,4,0,0,6,1,2,5,6,5,1,1.02379238605499,1,0.125095501542091,1,4
"539",25,6,2,8,7,1,2,7,6,57,1,0.252969533205032,1,0.444669157266617,1,16
"540",4,4,0,0,4,2,3,7,6,85.25,1,-0.710559010505676,0,-1.31298589706421,0,4
"541",10,5,2,2,7,2,3,6,4,83.6666641235352,1,-1.86679327487946,0,-0.514051795005798,0,9
"542",2,2,1,0,7,2,2,6,0,82.75,1,1.21649813652039,1,-0.833625435829163,0,3
"543",4,6,0,8,3,1,2,6,6,57.3333320617676,0,-0.710559010505676,0,-0.993412256240845,0,14
"544",15,2,0,2,6,2,2,8,8,80,1,-0.903264701366425,0,1.40339004993439,1,4
"545",25,4,2,8,6,2,3,3,6,71,1,-0.132441878318787,0,1.72296380996704,1,14
"546",4,4,0,0,5,0,1,0,0,57,0,1.02379238605499,1,1.40339004993439,1,4
"547",2,4,1,2,6,2,2,6,6,53.6666679382324,0,-0.325147598981857,0,0.125095501542091,1,7
"548",9,5,5,5,5,1,1,4,2,67,0,-0.903264701366425,0,0.604456007480621,1,15
"549",1,5,1,0,7,1,2,1,5,66,0,-0.132441878318787,0,1.40339004993439,1,6
"550",15,2,0,0,5,2,2,7,7,66,1,1.02379238605499,1,1.2436032295227,1,2
"551",12,3,0,5,6,1,1,1,1,76,0,-0.325147598981857,0,-0.833625435829163,0,8
"552",8,2,0,0,7,3,3,6,6,79.6666641235352,1,-2.05949902534485,0,1.88275063037872,1,2
"553",15,5,1,2,7,1,2,3,2,55.5,1,0.0602638274431229,1,-0.194478139281273,0,8
"554",15,3,2,2,6,1,2,6,6,82.6666641235352,1,1.40920376777649,1,1.56317687034607,1,7
"555",16,2,2,0,6,2,3,7,6,82,0,-0.517853319644928,0,-0.514051795005798,0,4
"556",15,3,0,0,7,1,3,6,7,62,1,-1.09597039222717,0,1.72296380996704,1,3
"557",11,6,1,5,6,1,2,5,6,81,1,-2.83032178878784,0,2.2023241519928,1,12
"558",38,5,2,5,7,3,2,7,7,80.3333358764648,1,-2.25220465660095,0,2.04253745079041,1,12
"559",4,6,1,0,5,1,2,6,6,63.5,0,-1.48138189315796,0,-0.0346913151443005,0,7
"560",2,4,1,0,7,1,2,2,6,68.25,1,-1.09597039222717,0,0.924029648303986,1,5
"561",10,1,0,0,2,0,2,7,7,61,0,1.02379238605499,1,1.56317687034607,1,1
"562",21,5,2,2,7,1,2,8,7,73.3333358764648,1,-3.79385042190552,0,0.284882336854935,1,9
"563",16,3,2,0,5,1,1,6,6,82,0,0.252969533205032,1,-0.993412256240845,0,5
"564",4,3,1,0,4,1,2,6,7,59,0,0.0602638274431229,1,1.08381640911102,1,4
"565",3,3,2,2,7,1,2,6,5,54,0,0.0602638274431229,1,-0.993412256240845,0,7
"566",14,5,0,0,7,2,3,6,6,77,1,-0.325147598981857,0,-0.354264974594116,0,5
"567",12,2,0,1,5,2,3,6,6,90.5,1,-1.67408752441406,0,-2.43149375915527,0,3
"568",4,4,1,1,4,2,2,6,8,57.25,1,-0.132441878318787,0,-0.0346913151443005,0,6
"569",10,3,0,0,5,2,2,4,6,80,1,-0.517853319644928,0,-0.194478139281273,0,3
"570",35,5,2,8,7,1,3,6,6,78.6666641235352,0,0.638380944728851,1,-1.79234635829926,0,15
"571",4,4,5,2,7,3,2,8,6,77,1,-0.132441878318787,0,1.88275063037872,1,11
"572",18,2,0,0,7,2,3,6,6,78,1,1.40920376777649,1,0.764242827892303,1,2
"573",5,5,1,8,7,2,3,8,6,77.3333358764648,0,0.445675253868103,1,-0.194478139281273,0,14
"574",33,3,5,2,7,1,2,7,6,91.6666641235352,1,0.638380944728851,1,0.284882336854935,1,10
"575",4,4,0,1,7,2,2,4,2,47.3333320617676,1,-0.517853319644928,0,0.125095501542091,1,5
"576",9,4,2,2,6,2,2,6,6,73,1,-0.517853319644928,0,-0.194478139281273,0,8
"577",15,4,0,0,7,1,2,8,8,80,1,-0.517853319644928,0,-0.993412256240845,0,4
"578",2,1,0,0,7,3,3,1,2,52.2000007629395,0,-1.28867614269257,0,0.284882336854935,1,1
"579",3,4,2,8,6,3,3,0,0,75,1,1.40920376777649,1,-0.0346913151443005,0,14
"580",3,4,8,8,3,1,2,6,7,79.5,1,-1.48138189315796,0,0.604456007480621,1,20
"581",5,3,2,1,7,3,2,6,5,72,1,1.21649813652039,1,-0.514051795005798,0,6
"582",35,5,1,5,6,3,3,7,8,85,1,0.445675253868103,1,0.284882336854935,1,11
"583",7,3,0,0,7,2,2,6,0,72,1,0.252969533205032,1,0.604456007480621,1,3
"584",15,3,1,0,5,1,2,2,1,63,1,-0.132441878318787,0,0.604456007480621,1,4
"585",6,4,2,1,7,1,1,4,4,76.5,0,-0.517853319644928,0,-0.354264974594116,0,7
"586",10,2,0,0,5,0,1,6,2,71,1,-0.903264701366425,0,0.604456007480621,1,2
"587",10,3,2,1,6,1,2,5,5,69,1,-0.132441878318787,0,-1.15319907665253,0,6
"588",4,3,0,2,7,2,2,6,6,59.5,1,0.0602638274431229,1,-0.514051795005798,0,5
"589",2,4,0,1,7,0,1,1,1,70,0,1.02379238605499,1,-0.67383861541748,0,5
"590",12,3,0,2,4,0,2,4,5,76.3333358764648,0,0.0602638274431229,1,-0.514051795005798,0,5
"591",20,4,0,8,7,2,2,6,6,79.6666641235352,0,1.60190951824188,1,-0.833625435829163,0,12
"592",5,3,0,0,5,1,3,6,6,69,1,-2.83032178878784,0,1.72296380996704,1,3
"593",2,3,0,0,6,3,2,7,3,71,1,1.60190951824188,1,-1.47277271747589,0,3
"594",6,4,1,1,6,1,1,2,2,83,1,-0.517853319644928,0,-0.514051795005798,0,6
"595",5,2,0,0,6,2,2,6,5,70.8000030517578,0,0.445675253868103,1,1.40339004993439,1,2
"596",32,5,2,1,5,2,3,7,5,56,1,0.445675253868103,1,-0.354264974594116,0,8
"597",10,4,0,0,6,2,2,8,8,87,1,-0.710559010505676,0,-1.63255953788757,0,4
"598",3,4,0,2,7,3,3,7,6,70.3333358764648,0,0.252969533205032,1,-0.514051795005798,0,6
"599",14,5,0,1,5,2,2,0,0,65.5,1,0.252969533205032,1,-1.15319907665253,0,6
"600",25,4,2,5,7,1,0,0,5,70.5,1,1.02379238605499,1,-0.354264974594116,0,11
"601",3,3,2,5,6,2,1,5,7,85,1,1.98732089996338,1,0.764242827892303,1,10
"602",4,3,5,0,6,3,3,6,2,72.25,1,0.445675253868103,1,0.924029648303986,1,8
"603",4,2,0,0,5,2,2,8,7,53,0,-0.517853319644928,0,-0.354264974594116,0,2
"604",4,6,5,1,7,2,3,5,6,82,1,-0.517853319644928,0,1.08381640911102,1,12
"605",11,5,5,5,6,2,2,2,2,65,1,0.445675253868103,1,0.764242827892303,1,15
"606",35,5,1,5,5,1,2,8,7,64,1,0.252969533205032,1,1.56317687034607,1,11
"607",4,5,2,2,4,3,2,5,6,60.75,0,-1.09597039222717,0,1.08381640911102,1,9
"608",5,3,5,8,6,1,0,0,6,82,0,-3.02302742004395,0,-1.31298589706421,0,16
"609",24,4,1,1,6,2,2,2,1,79.6666641235352,1,0.445675253868103,1,-0.194478139281273,0,6
"610",8,4,0,0,7,3,3,7,6,67.3333358764648,1,-0.710559010505676,0,-1.79234635829926,0,4
"611",2,6,2,5,7,2,3,8,5,60,1,0.831086695194244,1,2.04253745079041,1,13
"612",1,5,2,8,6,1,2,6,0,60.5,0,0.252969533205032,1,1.08381640911102,1,15
"613",5,3,2,0,6,1,1,0,0,92,0,0.252969533205032,1,-1.63255953788757,0,5
"614",10,4,0,2,4,1,2,5,5,57,0,-0.132441878318787,0,0.764242827892303,1,6
"615",15,4,1,0,7,1,2,3,2,60.5,1,-1.86679327487946,0,0.764242827892303,1,5
"616",15,2,0,5,5,2,2,6,2,76,1,-0.517853319644928,0,-0.993412256240845,0,7
"617",5,6,2,2,6,1,2,6,6,57,0,0.445675253868103,1,0.284882336854935,1,10
"618",10,4,2,2,6,1,2,2,2,68,0,1.02379238605499,1,0.125095501542091,1,8
"619",10,5,0,0,7,0,1,3,2,33,1,1.21649813652039,1,-0.194478139281273,0,5
"620",41,6,5,8,7,3,3,0,0,83.5,0,1.40920376777649,1,0.764242827892303,1,19
"621",12,5,0,5,7,1,2,7,6,74,0,-0.517853319644928,0,-2.43149375915527,0,10
"622",8,5,1,0,6,1,2,6,6,49.5,1,-1.09597039222717,0,0.764242827892303,1,6
"623",6,4,2,2,7,3,3,8,8,78.3333358764648,1,1.21649813652039,1,1.72296380996704,1,8
"624",12,6,5,5,7,0,0,7,6,85.5,0,-2.05949902534485,0,1.08381640911102,1,16
"625",9,2,1,0,6,1,2,2,2,69.25,0,-0.517853319644928,0,1.40339004993439,1,3
"626",4,5,2,2,7,3,3,5,5,65.75,1,-1.48138189315796,0,0.924029648303986,1,9
"627",3,4,1,5,4,2,0,0,0,49.6666679382324,0,-1.28867614269257,0,0.125095501542091,1,10
"628",30,6,1,1,7,3,2,7,6,61,1,-0.325147598981857,0,0.125095501542091,1,8
"629",6,5,2,1,6,1,1,6,5,74.5,1,0.638380944728851,1,0.125095501542091,1,8
"630",6,5,0,0,5,1,1,6,6,87.5,1,-2.05949902534485,0,-0.833625435829163,0,5
"631",14,2,0,0,6,1,1,8,6,80,1,0.445675253868103,1,0.125095501542091,1,2
"632",4,4,1,2,6,1,3,0,0,72.6666641235352,1,1.21649813652039,1,-0.993412256240845,0,7
"633",14,4,5,5,6,2,2,7,4,82,1,-2.25220465660095,0,2.2023241519928,1,14
"634",12,5,8,2,6,0,1,7,7,91,1,1.21649813652039,1,-1.31298589706421,0,15
"635",9,6,2,2,6,2,3,7,7,61,1,-0.132441878318787,0,-0.194478139281273,0,10
"636",6,3,0,2,4,3,3,6,6,80.5,1,1.02379238605499,1,-0.993412256240845,0,5
"637",30,4,0,0,5,3,3,0,0,61.5,0,0.638380944728851,1,2.04253745079041,1,4
"638",23,4,0,0,3,2,2,6,5,71,1,-0.132441878318787,0,-0.514051795005798,0,4
"639",18,6,1,2,7,1,3,7,7,63,1,0.445675253868103,1,-0.833625435829163,0,9
"640",6,4,2,2,7,3,3,6,7,63.5,1,0.831086695194244,1,0.125095501542091,1,8
"641",2,3,1,1,6,2,3,5,5,77,1,-0.710559010505676,0,-0.354264974594116,0,5
"642",4,2,1,0,7,1,3,5,5,61,1,1.02379238605499,1,-1.95213317871094,0,3
"643",1,1,0,0,5,1,2,4,5,76.6666641235352,1,-0.903264701366425,0,-0.833625435829163,0,1
"644",2,4,1,0,7,2,3,0,0,77.8000030517578,1,0.638380944728851,1,-1.15319907665253,0,5
"645",10,4,1,8,7,2,1,2,1,55.5,0,0.831086695194244,1,-0.67383861541748,0,13
"646",8,2,5,0,6,2,3,0,0,84.6666641235352,1,0.445675253868103,1,-1.31298589706421,0,7
"647",7,2,1,0,7,2,2,7,2,87.5,0,-1.67408752441406,0,0.604456007480621,1,3
"648",4,4,2,5,7,2,2,7,6,71.3333358764648,1,-1.48138189315796,0,2.2023241519928,1,11
"649",3,4,0,0,4,2,2,3,3,77,0,-0.903264701366425,0,0.604456007480621,1,4
"650",20,4,0,0,7,2,2,0,5,78.4000015258789,1,0.831086695194244,1,-0.354264974594116,0,4
"651",12,3,2,1,6,2,2,7,7,76,1,0.252969533205032,1,0.604456007480621,1,6
"652",5,4,2,5,6,2,3,7,6,77,1,0.252969533205032,1,0.125095501542091,1,11
"653",11,2,2,8,7,1,3,5,6,72.5999984741211,0,1.40920376777649,1,0.924029648303986,1,12
"654",9,4,5,2,5,2,2,7,6,71,1,-1.28867614269257,0,0.444669157266617,1,11
"655",1,5,1,2,7,1,1,5,6,65.75,0,0.445675253868103,1,0.125095501542091,1,8
"656",14,5,1,0,7,3,3,8,6,66,1,-0.325147598981857,0,-0.0346913151443005,0,6
"657",4,4,0,0,6,3,3,8,7,65,1,-0.325147598981857,0,-0.194478139281273,0,4
"658",10,6,2,1,7,2,2,6,2,82,1,-0.710559010505676,0,-0.0346913151443005,0,9
"659",9,3,1,0,4,1,1,0,6,76,1,1.40920376777649,1,-1.15319907665253,0,4
"660",3,3,0,0,3,2,2,6,6,73,0,-0.903264701366425,0,0.764242827892303,1,3
"661",8,4,0,1,5,2,2,2,4,57,0,-0.132441878318787,0,0.125095501542091,1,5
"662",1,5,0,1,5,2,2,7,5,80.6666641235352,1,0.252969533205032,1,-0.993412256240845,0,6
"663",25,1,1,0,5,0,1,6,4,81,0,-1.67408752441406,0,-1.31298589706421,0,2
"664",15,3,1,2,5,1,1,2,1,69,0,-0.132441878318787,0,-0.194478139281273,0,6
"665",3,2,0,5,2,3,2,7,6,67,1,0.831086695194244,1,0.604456007480621,1,7
"666",5,4,2,2,6,2,1,6,4,70.3333358764648,0,1.02379238605499,1,-1.47277271747589,0,8
"667",14,1,0,1,7,3,3,1,2,75,1,-1.48138189315796,0,1.56317687034607,1,2
"668",6,4,5,2,5,2,2,6,5,85,1,1.02379238605499,1,-2.43149375915527,0,11
"669",25,4,5,2,7,2,3,7,6,85.4000015258789,1,1.98732089996338,1,-0.354264974594116,0,11
"670",29,2,0,1,3,1,2,0,0,70.5,1,-1.86679327487946,0,0.125095501542091,1,3
"671",3,4,1,1,7,2,2,6,6,50.5,1,0.445675253868103,1,-0.194478139281273,0,6
"672",6,4,1,2,6,1,2,7,7,70,1,1.21649813652039,1,1.2436032295227,1,7
"673",15,2,0,0,6,1,2,2,2,80,0,1.79461526870728,1,-1.95213317871094,0,2
"674",2,3,1,0,7,1,2,0,6,76.5,0,0.445675253868103,1,0.604456007480621,1,4
"675",10,4,2,0,7,3,3,5,5,53.5,0,1.21649813652039,1,0.125095501542091,1,6
"676",25,2,2,2,7,2,1,6,6,74.5,1,0.831086695194244,1,0.284882336854935,1,6
"677",42,1,1,1,7,0,2,6,8,82,1,-1.28867614269257,0,-1.15319907665253,0,3
"678",6,6,5,1,6,2,1,6,2,79.25,1,-1.28867614269257,0,0.284882336854935,1,12
"679",3,4,0,0,3,1,1,7,7,69,1,-1.28867614269257,0,1.72296380996704,1,4
"680",2,3,1,1,7,0,1,6,7,80,1,0.638380944728851,1,0.604456007480621,1,5
"681",17,4,1,0,5,2,3,8,6,84,1,-2.05949902534485,0,2.04253745079041,1,5
"682",5,4,1,1,7,1,3,3,2,46,0,0.445675253868103,1,-1.31298589706421,0,6
"683",3,1,0,5,6,1,1,1,1,84.6666641235352,0,-1.28867614269257,0,-0.67383861541748,0,6
"684",11,3,0,0,5,1,2,6,6,50,1,-1.28867614269257,0,-0.833625435829163,0,3
"685",3,5,0,0,7,2,3,6,5,62.4000015258789,1,1.21649813652039,1,0.604456007480621,1,5
"686",7,3,5,0,6,2,2,7,6,86.6666641235352,1,-0.325147598981857,0,0.764242827892303,1,8
"687",9,2,0,0,7,1,2,6,5,72.2857131958008,1,-0.132441878318787,0,0.444669157266617,1,2
"688",3,4,0,0,6,2,1,1,1,70,1,-0.132441878318787,0,0.764242827892303,1,4
"689",17,5,1,0,7,2,3,6,6,66.5999984741211,1,-0.517853319644928,0,0.444669157266617,1,6
"690",4,3,0,0,6,1,2,0,0,69,0,0.445675253868103,1,-1.15319907665253,0,3
"691",7,3,2,5,6,1,0,6,6,86,0,1.02379238605499,1,-0.194478139281273,0,10
"692",15,6,0,0,7,1,1,6,6,76,1,0.638380944728851,1,-1.79234635829926,0,6
"693",40,1,0,0,7,2,2,6,6,71.3333358764648,0,0.445675253868103,1,1.40339004993439,1,1
"694",6,4,2,0,7,3,1,7,7,81,1,0.252969533205032,1,1.56317687034607,1,6
"695",7,4,0,5,5,1,2,8,8,63,1,-1.09597039222717,0,0.284882336854935,1,9
"696",8,5,2,2,6,2,2,6,6,62.5,1,-0.710559010505676,0,0.125095501542091,1,9
"697",28,3,1,5,6,2,2,6,2,65.5,1,0.638380944728851,1,-0.514051795005798,0,9
"698",10,3,1,0,5,1,1,4,3,66,1,1.21649813652039,1,0.604456007480621,1,4
"699",15,4,0,0,6,1,2,5,5,67,1,-0.903264701366425,0,-1.79234635829926,0,4
"700",2,5,1,1,6,3,1,0,7,92.5,0,1.21649813652039,1,-1.63255953788757,0,7
"701",3,1,1,1,6,2,3,8,7,71.5,0,-0.132441878318787,0,2.04253745079041,1,3
"702",7,5,5,8,7,2,3,8,6,78.5,1,-0.132441878318787,0,0.284882336854935,1,18
"703",5,4,5,0,7,1,3,6,6,80.75,1,0.445675253868103,1,-1.63255953788757,0,9
"704",7,1,0,0,6,0,2,4,2,81.6666641235352,0,0.252969533205032,1,-2.11192011833191,0,1
"705",1,5,2,2,7,3,3,5,5,75,1,0.445675253868103,1,-0.0346913151443005,0,9
"706",10,4,1,2,6,2,2,0,1,53.75,1,-0.325147598981857,0,0.125095501542091,1,7
"707",12,5,0,1,7,0,1,3,4,67,1,0.252969533205032,1,0.284882336854935,1,6
"708",3,4,0,1,5,1,2,7,5,77.75,0,0.445675253868103,1,0.444669157266617,1,5
"709",4,5,0,0,4,1,1,7,7,77.5,0,1.98732089996338,1,-0.354264974594116,0,5
"710",16,2,0,0,7,2,3,7,6,59.3333320617676,0,0.252969533205032,1,0.924029648303986,1,2
"711",1,1,0,0,5,2,1,7,6,81.3333358764648,1,-3.21573328971863,0,-0.67383861541748,0,1
"712",15,3,5,8,7,3,3,6,6,71,1,0.445675253868103,1,-0.0346913151443005,0,16
"713",8,5,1,2,7,3,3,4,6,70.5,1,0.831086695194244,1,1.56317687034607,1,8
"714",18,3,0,0,7,1,1,6,3,65.4000015258789,1,0.252969533205032,1,-0.194478139281273,0,3
"715",3,2,0,0,6,3,2,7,6,68,0,-0.710559010505676,0,-1.31298589706421,0,2
"716",5,5,0,0,7,2,2,2,2,72.6666641235352,0,0.638380944728851,1,-1.31298589706421,0,5
"717",1,1,0,2,7,3,3,7,7,69.6666641235352,1,-0.517853319644928,0,-1.63255953788757,0,3
"718",3,3,0,1,7,0,0,6,6,78.3333358764648,1,1.02379238605499,1,0.604456007480621,1,4
"719",6,3,2,1,7,2,2,7,6,70.5,1,0.638380944728851,1,0.125095501542091,1,6
"720",8,3,0,0,5,1,2,7,7,89,0,1.21649813652039,1,-2.59128046035767,0,3
"721",7,2,1,2,6,2,2,6,6,82,1,1.79461526870728,1,0.764242827892303,1,5
"722",3,5,0,0,5,0,0,6,7,80,1,-1.86679327487946,0,-2.43149375915527,0,5
"723",27,2,0,0,5,3,3,6,6,70.5,1,0.445675253868103,1,-2.2717068195343,0,2
"724",2,2,0,0,6,2,3,2,5,82,0,-1.09597039222717,0,0.444669157266617,1,2
"725",4,2,2,0,7,2,1,5,6,75.6666641235352,1,-0.325147598981857,0,-1.15319907665253,0,4
"726",10,5,2,0,5,1,2,6,2,81,1,1.02379238605499,1,0.444669157266617,1,7
"727",5,4,5,1,5,3,3,7,5,74,1,0.445675253868103,1,-0.194478139281273,0,10
"728",8,4,1,1,7,1,2,6,2,71,1,1.21649813652039,1,-0.194478139281273,0,6
"729",9,4,1,2,6,1,2,7,6,60,0,0.252969533205032,1,1.40339004993439,1,7
"730",3,5,1,0,6,2,3,7,8,76.5,1,0.445675253868103,1,0.444669157266617,1,6
"731",1,4,0,0,5,0,2,2,2,63.6666679382324,0,1.40920376777649,1,-0.514051795005798,0,4
"732",10,6,0,0,6,1,3,2,1,64,0,-1.67408752441406,0,0.444669157266617,1,6
"733",6,2,2,2,6,1,1,6,6,73.3333358764648,0,-0.132441878318787,0,0.284882336854935,1,6
"734",5,3,0,0,6,1,2,0,6,74,1,1.21649813652039,1,1.2436032295227,1,3
"735",16,6,2,0,7,0,2,2,2,67,1,1.02379238605499,1,-1.63255953788757,0,8
"736",20,4,0,2,7,1,2,5,5,73.5,1,0.0602638274431229,1,-0.993412256240845,0,6
"737",15,5,1,2,7,3,3,6,2,81.3333358764648,1,0.252969533205032,1,2.2023241519928,1,8
"738",20,2,0,1,4,2,3,6,6,60.3333320617676,0,0.638380944728851,1,1.2436032295227,1,3
"739",27,3,0,0,7,2,3,6,6,69,1,1.40920376777649,1,-1.47277271747589,0,3
"740",10,3,2,0,7,2,2,6,2,70.1999969482422,0,0.831086695194244,1,-0.194478139281273,0,5
"741",6,3,2,2,4,1,1,6,5,42,0,1.21649813652039,1,0.125095501542091,1,7
"742",2,3,0,0,6,2,3,6,6,65,0,1.02379238605499,1,-1.63255953788757,0,3
"743",32,5,0,0,6,1,1,6,2,67.5,0,1.21649813652039,1,0.125095501542091,1,5
"744",5,4,0,1,7,1,2,5,1,68.75,0,-0.132441878318787,0,-0.833625435829163,0,5
"745",1,3,1,0,7,1,2,8,8,88,1,0.0602638274431229,1,1.88275063037872,1,4
"746",8,2,0,0,6,2,3,1,0,76,1,0.0602638274431229,1,-0.993412256240845,0,2
"747",3,3,1,2,4,3,3,5,5,77.75,0,0.252969533205032,1,-0.67383861541748,0,6
"748",10,6,8,0,5,0,1,5,5,64,1,-0.517853319644928,0,0.284882336854935,1,14
"749",7,4,2,1,6,2,3,6,6,66.3333358764648,0,0.0602638274431229,1,-0.354264974594116,0,7
"750",5,2,0,0,4,2,1,6,5,80,1,-0.710559010505676,0,0.284882336854935,1,2
"751",5,4,2,5,5,1,1,8,5,70.5,1,1.21649813652039,1,-0.0346913151443005,0,11
"752",7,4,1,2,5,1,3,6,3,55,1,1.02379238605499,1,-1.31298589706421,0,7
"753",7,3,0,0,5,2,2,8,7,85,1,1.02379238605499,1,-0.993412256240845,0,3
"754",8,2,0,0,4,2,2,2,2,85,1,0.831086695194244,1,-1.15319907665253,0,2
"755",2,3,0,0,7,2,3,0,0,57,0,0.638380944728851,1,1.08381640911102,1,3
"756",32,5,1,0,7,3,3,6,2,61,0,1.60190951824188,1,-0.354264974594116,0,6
"757",20,2,1,0,7,1,2,6,2,53,1,0.638380944728851,1,-0.67383861541748,0,3
"758",4,4,5,1,7,1,2,8,6,71,1,1.21649813652039,1,0.125095501542091,1,10
"759",12,4,0,1,7,3,3,6,6,55,1,-2.83032178878784,0,0.924029648303986,1,5
"760",10,4,1,2,5,0,0,4,4,67.75,1,-0.325147598981857,0,0.924029648303986,1,7
"761",2,3,0,1,7,1,1,5,5,83.5,1,0.831086695194244,1,0.604456007480621,1,4
"762",30,4,0,8,7,1,2,1,1,70,0,-0.517853319644928,0,0.604456007480621,1,12
"763",8,5,2,1,5,3,1,6,6,81.6666641235352,1,0.831086695194244,1,0.604456007480621,1,8
"764",40,5,1,2,6,1,1,6,8,76.3333358764648,1,-0.325147598981857,0,0.604456007480621,1,8
"765",22,2,2,5,6,2,1,6,6,37,1,-0.132441878318787,0,-0.514051795005798,0,9
"766",4,5,0,0,6,2,2,6,5,77.6666641235352,0,1.79461526870728,1,0.924029648303986,1,5
"767",35,3,0,8,7,2,3,7,6,85,1,0.638380944728851,1,-0.993412256240845,0,11
"768",5,5,1,1,6,0,0,6,7,80,1,-0.903264701366425,0,0.924029648303986,1,7
"769",20,4,2,2,7,2,2,5,5,52,1,0.638380944728851,1,-0.514051795005798,0,8
"770",5,4,0,0,7,2,2,1,0,69,0,1.40920376777649,1,-2.11192011833191,0,4
"771",20,5,0,5,6,2,2,6,7,73,1,-0.517853319644928,0,-1.47277271747589,0,10
"772",15,4,0,8,7,3,3,6,8,78,1,0.831086695194244,1,0.444669157266617,1,12
"773",3,4,1,1,3,2,2,7,6,72.4000015258789,1,-0.132441878318787,0,0.284882336854935,1,6
"774",8,4,0,0,5,2,2,0,0,68,0,1.02379238605499,1,-0.194478139281273,0,4
"775",14,5,0,0,7,2,2,7,7,74.5,1,-0.132441878318787,0,0.924029648303986,1,5
"776",36,4,0,0,7,1,2,7,6,81.3333358764648,0,0.0602638274431229,1,0.764242827892303,1,4
"777",2,3,2,8,5,1,1,6,6,76.3333358764648,0,0.0602638274431229,1,0.924029648303986,1,13
"778",9,4,0,0,7,1,0,7,7,69,1,-0.132441878318787,0,0.444669157266617,1,4
"779",7,4,1,0,7,1,2,6,5,79,1,-1.67408752441406,0,-2.11192011833191,0,5
"780",7,5,0,0,7,2,2,7,7,74.5,1,1.40920376777649,1,-1.31298589706421,0,5
"781",7,4,2,1,7,3,3,2,3,70.5999984741211,1,0.252969533205032,1,1.2436032295227,1,7
"782",10,3,0,0,5,1,2,8,6,78.6666641235352,0,1.79461526870728,1,0.604456007480621,1,3
"783",12,4,0,0,6,1,2,6,6,79.5,0,1.79461526870728,1,-0.514051795005798,0,4
"784",10,3,0,8,6,0,1,6,6,75.6666641235352,0,0.0602638274431229,1,-1.15319907665253,0,11
"785",3,3,0,0,5,0,0,6,6,76,0,0.638380944728851,1,-0.354264974594116,0,3
"786",6,5,1,1,7,1,2,8,8,58,1,-0.325147598981857,0,0.284882336854935,1,7
"787",6,4,2,2,4,1,1,7,7,54,1,-3.02302742004395,0,0.604456007480621,1,8
"788",6,5,2,5,6,1,1,6,6,81,1,-0.325147598981857,0,1.2436032295227,1,12
"789",40,4,0,5,7,2,3,6,7,70.3333358764648,1,0.252969533205032,1,-0.354264974594116,0,9
"790",3,1,0,1,7,3,3,1,1,67,1,-1.28867614269257,0,0.924029648303986,1,2
"791",5,3,1,2,5,1,2,5,2,68,1,1.21649813652039,1,-1.47277271747589,0,6
"792",20,5,0,1,7,2,3,1,1,69.5,0,0.445675253868103,1,-0.0346913151443005,0,6
"793",1,5,5,5,5,1,1,8,6,67.5,1,1.79461526870728,1,-1.47277271747589,0,15
"794",11,2,0,0,7,3,3,2,2,62.3333320617676,1,-0.517853319644928,0,0.125095501542091,1,2
"795",7,5,2,0,5,1,2,8,7,86.5,1,-0.132441878318787,0,-1.31298589706421,0,7
"796",3,6,1,8,6,1,2,5,5,65,1,-0.325147598981857,0,-0.67383861541748,0,15
"797",21,4,2,0,6,3,3,6,2,76,0,0.831086695194244,1,-0.194478139281273,0,6
"798",4,3,2,2,3,1,1,4,7,74,1,0.0602638274431229,1,0.604456007480621,1,7
"799",4,5,8,5,5,3,3,6,6,74.6666641235352,0,0.831086695194244,1,0.125095501542091,1,18
"800",20,4,8,8,7,1,2,8,8,80.5,1,-0.325147598981857,0,0.284882336854935,1,20
"801",15,3,1,0,6,2,3,4,2,65,1,0.445675253868103,1,0.924029648303986,1,4
"802",8,5,1,2,7,1,3,6,6,73.3333358764648,1,1.21649813652039,1,-1.15319907665253,0,8
"803",8,6,5,0,7,3,2,4,1,78,0,1.21649813652039,1,-1.15319907665253,0,11
"804",12,5,1,0,7,2,2,6,6,68,1,0.445675253868103,1,1.56317687034607,1,6
"805",5,5,2,2,5,1,1,7,6,85,1,1.02379238605499,1,-0.354264974594116,0,9
"806",3,4,1,0,7,1,2,7,6,70.5,1,1.02379238605499,1,-1.79234635829926,0,5
"807",4,5,0,0,7,3,3,6,6,73.5,0,-1.09597039222717,0,2.2023241519928,1,5
"808",2,2,0,1,7,3,3,6,6,62,1,0.252969533205032,1,0.444669157266617,1,3
"809",28,3,2,2,7,0,2,7,7,84,1,-1.09597039222717,0,-1.15319907665253,0,7
"810",10,5,2,2,7,1,2,6,6,79.75,0,0.638380944728851,1,1.40339004993439,1,9
"811",8,4,5,0,7,2,2,7,7,64.3333358764648,1,-0.710559010505676,0,-0.0346913151443005,0,9
"812",2,2,2,0,7,3,2,6,2,63,0,1.21649813652039,1,1.56317687034607,1,4
"813",48,5,2,8,7,1,1,6,6,71,0,-0.325147598981857,0,0.125095501542091,1,15
"814",3,3,2,2,6,1,2,2,2,65.6666641235352,1,1.21649813652039,1,-1.95213317871094,0,7
"815",50,5,8,8,6,1,2,6,7,98.6666641235352,1,-1.28867614269257,0,-1.47277271747589,0,21
"816",30,5,2,0,6,1,1,4,6,70.5,0,0.252969533205032,1,0.284882336854935,1,7
"817",10,3,0,0,7,1,2,5,5,69.5,0,0.831086695194244,1,-0.993412256240845,0,3
"818",13,5,0,8,7,1,3,0,0,63.75,0,1.21649813652039,1,0.764242827892303,1,13
"819",7,4,2,8,3,1,2,6,6,78,1,-0.903264701366425,0,0.444669157266617,1,14
"820",12,5,1,2,7,2,3,6,6,66,1,1.60190951824188,1,0.444669157266617,1,8
"821",32,5,2,5,7,2,2,6,8,77,1,-2.05949902534485,0,1.2436032295227,1,12
"822",8,4,0,0,7,2,3,1,2,89.5,0,1.02379238605499,1,0.125095501542091,1,4
"823",10,4,0,1,6,1,2,1,2,67.5,1,-0.517853319644928,0,0.604456007480621,1,5
"824",3,3,0,0,3,2,1,0,6,64,1,1.60190951824188,1,-0.194478139281273,0,3
"825",4,4,2,0,7,0,3,8,8,69.75,0,0.831086695194244,1,0.125095501542091,1,6
"826",15,4,0,0,7,2,3,1,1,85.3333358764648,1,0.831086695194244,1,-0.833625435829163,0,4
"827",4,5,0,0,6,1,0,6,6,76,1,-0.325147598981857,0,0.284882336854935,1,5
"828",5,5,0,2,7,3,0,6,8,74.3333358764648,1,-0.132441878318787,0,0.764242827892303,1,7
"829",10,3,2,2,6,2,2,6,6,64,0,0.638380944728851,1,0.604456007480621,1,7
"830",12,2,0,2,4,2,1,0,0,73.6666641235352,0,1.21649813652039,1,-2.75106739997864,0,4
"831",15,2,0,0,6,3,3,6,5,65.5,1,0.252969533205032,1,1.08381640911102,1,2
"832",5,4,2,5,4,3,3,5,6,71,0,0.0602638274431229,1,1.72296380996704,1,11
"833",1,6,8,8,6,1,0,6,6,81.3333358764648,1,-1.28867614269257,0,1.72296380996704,1,22
"834",2,5,0,0,2,0,3,1,1,73,0,1.40920376777649,1,-0.993412256240845,0,5
"835",1,1,0,1,4,1,2,1,2,73.6666641235352,0,0.0602638274431229,1,-1.47277271747589,0,2
"836",11,3,0,0,7,2,1,2,1,59.5,0,0.638380944728851,1,-0.993412256240845,0,3
"837",21,3,0,0,6,3,3,1,5,70,0,0.831086695194244,1,-2.75106739997864,0,3
"838",1,3,0,0,6,2,2,1,1,79.5,1,1.21649813652039,1,0.924029648303986,1,3
"839",9,4,5,5,7,2,2,7,5,72,1,0.638380944728851,1,-0.993412256240845,0,14
"840",7,3,0,0,6,1,2,5,6,71,0,0.252969533205032,1,-0.0346913151443005,0,3
"841",6,4,0,0,7,2,3,2,6,47.3333320617676,1,-1.28867614269257,0,-0.354264974594116,0,4
"842",1,1,1,0,5,3,3,7,6,65.5999984741211,0,-0.710559010505676,0,-0.194478139281273,0,2
"843",2,3,0,0,7,2,3,2,2,70,0,-0.132441878318787,0,0.125095501542091,1,3
"844",9,4,0,1,5,1,1,6,6,80,1,-0.325147598981857,0,0.284882336854935,1,5
"845",4,5,1,0,5,1,0,7,6,60,1,0.0602638274431229,1,-2.2717068195343,0,6
"846",13,1,0,0,6,2,2,1,1,65.5,1,-0.517853319644928,0,1.56317687034607,1,1
"847",3,3,0,8,2,3,2,3,6,64.25,1,-0.325147598981857,0,-0.354264974594116,0,11
"848",10,3,2,0,7,2,3,5,3,70,1,1.21649813652039,1,-0.514051795005798,0,5
"849",10,4,5,2,5,1,1,2,2,80.25,0,0.831086695194244,1,-1.31298589706421,0,11
"850",20,6,2,8,7,2,3,6,6,71,1,1.02379238605499,1,0.924029648303986,1,16
"851",7,5,2,2,6,1,2,6,6,81,1,1.21649813652039,1,0.764242827892303,1,9
"852",5,5,0,0,6,2,2,7,6,86.5,0,-0.710559010505676,0,0.604456007480621,1,5
"853",24,4,2,5,7,2,3,6,6,87,1,1.79461526870728,1,-0.67383861541748,0,11
"854",20,4,0,0,7,2,3,0,0,51.5,0,0.445675253868103,1,-0.0346913151443005,0,4
"855",9,4,1,0,6,2,3,7,6,72.5,0,1.02379238605499,1,-2.2717068195343,0,5
"856",3,4,1,0,6,0,2,6,5,72.5,1,-0.710559010505676,0,0.924029648303986,1,5
"857",4,2,0,0,7,0,2,6,6,70.5,1,-0.903264701366425,0,1.08381640911102,1,2
"858",6,3,0,2,5,1,1,7,7,78.5,1,0.831086695194244,1,-0.0346913151443005,0,5
"859",3,2,0,1,7,2,3,7,6,64,1,1.21649813652039,1,1.88275063037872,1,3
"860",5,2,0,1,6,1,1,0,2,66,1,-1.67408752441406,0,-0.993412256240845,0,3
"861",2,2,2,5,7,2,3,6,0,81,0,0.252969533205032,1,0.444669157266617,1,9
"862",7,4,2,0,7,2,2,6,6,90,1,1.02379238605499,1,0.444669157266617,1,6
"863",4,4,2,2,5,1,2,5,5,77.5,0,-0.903264701366425,0,-0.833625435829163,0,8
"864",20,5,0,8,7,1,1,8,2,71.5,0,-2.44491028785706,0,0.924029648303986,1,13
"865",6,4,1,0,5,3,2,3,5,52.5,0,0.252969533205032,1,-0.354264974594116,0,5
"866",4,4,8,8,7,2,3,1,2,73.5,1,1.40920376777649,1,-0.993412256240845,0,20
"867",3,4,1,0,7,2,2,6,1,71.3333358764648,0,1.21649813652039,1,-0.993412256240845,0,5
"868",10,2,0,0,6,1,2,6,2,40,0,-0.903264701366425,0,-0.354264974594116,0,2
"869",10,3,2,0,7,0,1,1,6,84,1,0.0602638274431229,1,-1.47277271747589,0,5
"870",4,5,2,0,6,0,1,5,5,66,0,0.252969533205032,1,-0.354264974594116,0,7
"871",4,5,1,2,7,1,2,6,6,66,1,1.40920376777649,1,1.2436032295227,1,8
"872",2,4,2,1,5,2,1,0,0,64.6666641235352,0,1.98732089996338,1,-0.514051795005798,0,7
"873",2,3,0,0,3,2,1,0,0,56,0,0.0602638274431229,1,-0.833625435829163,0,3
"874",2,3,0,1,6,0,2,6,6,74,0,1.21649813652039,1,0.125095501542091,1,4
"875",8,4,2,2,7,1,1,5,2,78,1,0.831086695194244,1,0.924029648303986,1,8
"876",10,2,5,8,7,2,2,2,5,65.75,0,0.831086695194244,1,0.125095501542091,1,15
"877",15,2,2,5,6,1,3,7,7,86,1,-0.325147598981857,0,0.444669157266617,1,9
"878",3,4,2,0,7,0,1,4,2,57,1,-1.28867614269257,0,-0.0346913151443005,0,6
"879",6,4,2,5,7,3,3,0,0,75,1,-1.28867614269257,0,0.764242827892303,1,11
"880",1,3,2,2,5,2,3,5,2,73,1,1.98732089996338,1,0.284882336854935,1,7
"881",45,4,0,5,7,2,3,6,7,75.5,1,0.0602638274431229,1,-0.194478139281273,0,9
"882",14,5,0,2,4,1,1,5,7,79.5,1,-2.25220465660095,0,-1.47277271747589,0,7
"883",6,5,1,0,7,2,2,6,6,65,1,0.445675253868103,1,-0.194478139281273,0,6
"884",10,5,8,8,6,0,1,6,1,80.3333358764648,1,0.831086695194244,1,-0.0346913151443005,0,21
"885",4,5,2,2,6,2,2,6,6,65.3333358764648,1,0.831086695194244,1,1.2436032295227,1,9
"886",27,4,2,0,7,2,1,6,6,41,1,-1.09597039222717,0,0.604456007480621,1,6
"887",4,3,1,1,6,3,2,6,7,52,1,-0.903264701366425,0,-0.67383861541748,0,5
"888",3,4,2,0,5,2,1,7,6,45,1,0.831086695194244,1,-0.514051795005798,0,6
"889",5,6,2,0,7,3,2,6,6,70,1,-0.325147598981857,0,0.764242827892303,1,8
"890",31,2,0,0,6,2,2,5,5,84.5,0,1.40920376777649,1,-0.833625435829163,0,2
"891",1,3,1,0,7,2,1,2,5,73,1,1.60190951824188,1,-1.95213317871094,0,4
"892",2,3,1,2,7,2,3,1,2,69.5999984741211,0,0.445675253868103,1,1.08381640911102,1,6
"893",10,5,2,1,7,1,1,2,2,74,1,-2.05949902534485,0,0.764242827892303,1,8
"894",16,2,1,1,6,3,3,6,4,82,0,-0.903264701366425,0,0.444669157266617,1,4
"895",15,6,0,5,6,1,2,5,5,54,1,0.831086695194244,1,0.764242827892303,1,11
"896",2,2,0,1,7,2,2,0,0,74,1,-1.67408752441406,0,0.604456007480621,1,3
"897",5,4,0,1,5,3,3,7,6,68.5,0,0.638380944728851,1,-0.67383861541748,0,5
"898",4,2,0,1,7,1,2,6,4,80.25,1,0.638380944728851,1,-0.194478139281273,0,3
"899",10,5,1,2,5,1,1,5,2,74,1,-1.48138189315796,0,0.284882336854935,1,8
"900",30,5,5,2,7,1,2,6,6,79.6666641235352,0,-0.710559010505676,0,2.36211109161377,1,12
"901",4,2,0,0,5,2,1,5,4,82.6666641235352,1,0.0602638274431229,1,0.284882336854935,1,2
"902",6,5,2,1,7,1,2,6,7,90,1,-0.903264701366425,0,-1.31298589706421,0,8
"903",6,4,0,0,7,1,2,1,2,70,1,0.638380944728851,1,0.284882336854935,1,4
"904",12,5,0,1,4,1,1,6,5,56.5999984741211,0,0.831086695194244,1,-0.514051795005798,0,6
"905",1,4,2,0,4,1,0,7,6,79.5,0,1.02379238605499,1,-2.2717068195343,0,6
"906",1,3,0,1,6,3,3,6,6,81.6666641235352,0,-0.710559010505676,0,-0.833625435829163,0,4
"907",11,5,2,5,6,1,1,6,6,73,1,-0.710559010505676,0,0.284882336854935,1,12
"908",4,4,2,1,7,2,1,7,5,91.5,0,-0.325147598981857,0,0.604456007480621,1,7
"909",20,5,0,0,5,3,3,7,5,57.5,0,1.21649813652039,1,-0.833625435829163,0,5
"910",25,3,2,5,6,1,1,6,6,88.6666641235352,1,0.0602638274431229,1,-0.0346913151443005,0,10
"911",6,5,1,0,7,2,3,2,5,27,0,0.831086695194244,1,-0.67383861541748,0,6
"912",1,2,1,0,7,1,2,0,2,67.3333358764648,0,-0.903264701366425,0,1.2436032295227,1,3
"913",5,5,2,2,7,2,2,6,6,66.5,0,0.0602638274431229,1,-0.833625435829163,0,9
"914",10,3,2,2,7,1,3,4,5,66.25,1,0.252969533205032,1,-0.354264974594116,0,7
"915",18,2,0,0,7,1,3,2,2,72.5,0,-0.325147598981857,0,1.72296380996704,1,2
"916",1,1,0,0,4,0,2,2,2,54,1,0.0602638274431229,1,-1.47277271747589,0,1
"917",4,4,0,0,6,3,3,6,2,65,1,-3.02302742004395,0,1.40339004993439,1,4
"918",6,2,1,0,4,3,3,5,2,76,0,1.21649813652039,1,1.72296380996704,1,3
"919",5,5,1,1,4,2,1,6,2,85.5,0,1.98732089996338,1,0.444669157266617,1,7
"920",10,2,5,0,6,1,1,4,5,69.6666641235352,0,-2.44491028785706,0,1.72296380996704,1,7
"921",10,2,0,0,7,3,3,6,6,56.5,0,1.02379238605499,1,-0.833625435829163,0,2
"922",15,4,2,5,7,2,2,5,5,61,0,1.40920376777649,1,0.444669157266617,1,11
"923",4,3,2,0,2,3,3,5,2,62.5,1,1.21649813652039,1,-0.514051795005798,0,5
"924",13,4,0,0,6,2,2,6,6,65,0,0.638380944728851,1,0.444669157266617,1,4
"925",10,4,0,8,6,2,2,2,2,74,1,-0.132441878318787,0,-1.31298589706421,0,12
"926",5,4,0,1,5,3,3,5,2,67.6666641235352,0,-0.710559010505676,0,-0.833625435829163,0,5
"927",8,4,0,1,7,2,2,2,2,55,0,0.445675253868103,1,0.764242827892303,1,5
"928",15,5,2,2,7,1,2,3,5,87,0,0.252969533205032,1,-0.514051795005798,0,9
"929",20,6,0,0,7,2,3,5,5,71.5,0,-0.132441878318787,0,0.284882336854935,1,6
"930",1,3,1,1,4,2,1,6,2,23,0,-0.132441878318787,0,-0.67383861541748,0,5
"931",10,5,0,2,7,0,2,4,4,50,0,-1.09597039222717,0,-0.354264974594116,0,7
"932",4,4,2,8,5,2,3,7,7,78,1,-0.132441878318787,0,-0.67383861541748,0,14
"933",10,4,1,1,4,1,2,2,2,60,0,1.40920376777649,1,-0.993412256240845,0,6
"934",8,4,2,8,7,3,3,7,7,55.5,1,0.0602638274431229,1,-0.993412256240845,0,14
"935",4,4,1,1,5,1,2,6,6,53,0,0.252969533205032,1,-0.354264974594116,0,6
"936",2,4,0,0,7,2,3,6,6,67,1,1.40920376777649,1,-1.47277271747589,0,4
"937",12,5,8,2,7,3,3,7,6,72.6666641235352,1,0.445675253868103,1,-0.194478139281273,0,15
"938",14,5,0,5,7,2,1,6,7,73,1,0.831086695194244,1,0.764242827892303,1,10
"939",10,4,8,8,7,3,3,2,4,75.3333358764648,1,-1.28867614269257,0,0.924029648303986,1,20
"940",19,4,2,1,5,2,2,6,2,66.5,0,0.831086695194244,1,-0.514051795005798,0,7
"941",20,2,2,1,6,0,2,7,7,90.5,1,-0.903264701366425,0,1.72296380996704,1,5
"942",7,6,8,8,7,2,3,0,2,52.5,0,-0.517853319644928,0,0.284882336854935,1,22
"943",8,4,2,0,7,2,2,6,2,57,0,-0.132441878318787,0,0.125095501542091,1,6
"944",25,1,0,0,6,1,2,6,2,55.5,0,1.21649813652039,1,-1.47277271747589,0,1
"945",10,6,5,8,7,1,3,7,6,77.6666641235352,1,0.831086695194244,1,0.125095501542091,1,19
"946",6,4,0,0,6,2,2,6,7,65.5,1,1.02379238605499,1,0.764242827892303,1,4
"947",13,2,0,0,7,3,2,8,7,50,1,1.79461526870728,1,1.08381640911102,1,2
"948",3,5,1,0,6,2,2,2,7,57,1,0.638380944728851,1,0.764242827892303,1,6
"949",3,2,0,0,6,2,2,6,6,72.5,1,-0.325147598981857,0,0.125095501542091,1,2
"950",2,1,0,0,5,0,1,8,6,72.5999984741211,0,0.831086695194244,1,-0.833625435829163,0,1
"951",10,4,0,0,7,3,3,6,6,70,0,0.445675253868103,1,-0.993412256240845,0,4
"952",57,2,0,0,7,3,2,1,1,81,1,1.40920376777649,1,-2.75106739997864,0,2
"953",1,4,1,1,6,2,2,6,6,70,1,1.21649813652039,1,-0.354264974594116,0,6
"954",12,1,1,2,5,1,3,6,6,62,0,1.21649813652039,1,-1.63255953788757,0,4
"955",12,4,2,8,5,2,1,5,6,71,1,0.0602638274431229,1,-0.0346913151443005,0,14
"956",3,2,0,0,5,3,3,6,0,59,1,0.831086695194244,1,-0.0346913151443005,0,2
"957",30,2,2,0,5,3,3,6,6,78,1,-0.903264701366425,0,-0.993412256240845,0,4
"958",5,5,2,2,7,0,2,7,8,67.75,1,0.445675253868103,1,-0.67383861541748,0,9
"959",3,4,0,2,6,3,2,6,6,79.5,0,-0.132441878318787,0,1.40339004993439,1,6
"960",8,3,0,5,6,1,1,7,6,65.5,1,-0.710559010505676,0,-1.15319907665253,0,8
"961",10,5,2,8,5,3,3,4,1,57,1,-1.48138189315796,0,-0.194478139281273,0,15
"962",4,5,0,0,4,1,1,6,6,69,0,-0.325147598981857,0,-0.354264974594116,0,5
"963",3,3,0,0,6,2,2,5,1,61,1,0.831086695194244,1,-0.67383861541748,0,3
"964",10,4,0,0,7,2,2,2,4,69.8000030517578,0,1.40920376777649,1,-0.514051795005798,0,4
"965",3,3,0,0,4,1,1,2,6,66.3333358764648,0,0.0602638274431229,1,-0.194478139281273,0,3
"966",19,6,5,5,7,2,2,8,7,73,1,0.445675253868103,1,0.764242827892303,1,16
"967",2,4,0,0,7,2,3,6,7,84,1,1.02379238605499,1,0.924029648303986,1,4
"968",15,6,2,5,7,1,2,6,6,71.6666641235352,0,0.445675253868103,1,-0.354264974594116,0,13
"969",40,6,2,8,7,1,2,0,0,74.5,1,-0.325147598981857,0,0.125095501542091,1,16
"970",6,5,0,2,7,3,3,0,0,66,1,1.02379238605499,1,1.08381640911102,1,7
"971",35,5,2,5,6,1,2,6,6,77,1,-1.09597039222717,0,1.56317687034607,1,12
"972",4,3,1,1,3,1,1,6,2,64.5,1,-1.86679327487946,0,1.88275063037872,1,5
"973",10,2,0,0,6,3,2,5,2,82.25,1,1.98732089996338,1,-1.47277271747589,0,2
"974",15,5,0,1,7,2,3,2,5,80.6666641235352,0,0.638380944728851,1,1.72296380996704,1,6
"975",3,4,0,0,4,1,1,1,2,86,0,-0.325147598981857,0,-0.0346913151443005,0,4
"976",5,6,0,1,7,2,2,7,6,77,1,-0.517853319644928,0,0.924029648303986,1,7
"977",16,4,2,1,6,2,2,2,2,50,0,-0.517853319644928,0,1.08381640911102,1,7
"978",4,5,2,1,3,2,1,6,5,35.3333320617676,0,-0.132441878318787,0,0.125095501542091,1,8
"979",5,3,1,0,7,1,1,5,5,54,0,-0.710559010505676,0,-0.0346913151443005,0,4
"980",4,1,1,0,7,0,1,6,2,73.5999984741211,1,-2.25220465660095,0,0.284882336854935,1,2
"981",5,4,0,2,4,1,3,1,1,62.5,0,1.02379238605499,1,-0.0346913151443005,0,6
"982",8,5,5,2,7,2,3,6,6,62.5999984741211,0,0.0602638274431229,1,-0.993412256240845,0,12
"983",5,4,2,1,7,1,1,4,4,74,1,0.252969533205032,1,0.125095501542091,1,7
"984",4,6,2,0,7,3,3,6,6,52.75,0,1.21649813652039,1,0.284882336854935,1,8
"985",3,3,1,2,3,1,2,4,4,52,1,-1.09597039222717,0,0.924029648303986,1,6
"986",8,3,0,1,7,1,1,1,2,55,0,1.02379238605499,1,0.125095501542091,1,4
"987",4,5,2,2,7,3,3,2,6,67.5,1,0.445675253868103,1,-0.67383861541748,0,9
"988",10,5,0,2,7,3,3,6,5,38,1,0.638380944728851,1,-0.67383861541748,0,7
"989",11,5,0,8,7,1,2,7,0,73,1,-0.132441878318787,0,1.08381640911102,1,13
"990",7,3,2,8,7,1,1,6,6,87.5,1,-0.132441878318787,0,0.284882336854935,1,13
"991",15,4,2,2,6,0,1,6,6,77.3333358764648,0,0.445675253868103,1,-0.194478139281273,0,8
"992",42,6,0,0,3,3,3,6,6,75,0,-0.710559010505676,0,-0.833625435829163,0,6
"993",7,1,0,0,4,1,3,7,6,54,0,0.0602638274431229,1,-0.67383861541748,0,1
"994",35,2,2,1,7,3,3,7,5,52.6666679382324,0,0.831086695194244,1,0.604456007480621,1,5
"995",10,3,1,1,6,3,2,2,2,80,0,-0.132441878318787,0,-0.354264974594116,0,5
"996",8,4,2,5,7,2,2,0,0,47,1,-0.325147598981857,0,1.2436032295227,1,11
"997",30,4,1,1,5,2,3,6,6,62.25,1,-0.132441878318787,0,0.125095501542091,1,6
"998",6,5,0,0,5,0,1,6,6,77,0,1.02379238605499,1,-0.0346913151443005,0,5
"999",3,5,2,0,7,1,2,6,2,80.25,1,0.638380944728851,1,0.125095501542091,1,7
"1000",25,3,0,2,5,1,1,5,5,54,0,0.0602638274431229,1,0.444669157266617,1,5
"1001",5,5,2,1,7,1,1,4,2,66,1,-0.903264701366425,0,0.444669157266617,1,8
"1002",18,4,2,1,7,2,3,0,0,55,0,1.40920376777649,1,0.284882336854935,1,7
"1003",4,2,1,1,4,2,2,6,6,53,1,-1.67408752441406,0,-0.833625435829163,0,4
"1004",2,3,1,1,7,2,1,1,1,86,1,1.02379238605499,1,-0.833625435829163,0,5
"1005",3,4,0,2,5,2,3,0,7,52,1,-0.517853319644928,0,-0.833625435829163,0,6
"1006",2,3,2,2,6,2,1,1,1,22.5,0,0.831086695194244,1,0.764242827892303,1,7
"1007",9,3,2,1,7,3,2,1,2,74,1,0.252969533205032,1,0.764242827892303,1,6
"1008",12,4,2,2,6,1,1,2,3,58.25,0,1.21649813652039,1,-1.79234635829926,0,8
"1009",10,5,5,2,2,3,1,6,6,55,0,-2.25220465660095,0,0.764242827892303,1,12
"1010",5,4,0,2,6,1,2,4,6,72,0,-0.132441878318787,0,-1.31298589706421,0,6
"1011",10,4,2,1,5,2,2,3,6,63.5,1,-0.132441878318787,0,-0.514051795005798,0,7
"1012",20,4,2,2,5,1,1,2,2,82.3333358764648,1,-1.09597039222717,0,0.444669157266617,1,8
"1013",10,3,0,2,6,1,1,6,5,83.6666641235352,1,-0.710559010505676,0,-0.514051795005798,0,5
"1014",3,4,2,2,7,1,2,7,5,74,1,-0.325147598981857,0,-0.67383861541748,0,8
"1015",16,4,2,2,7,1,1,6,6,74,1,0.0602638274431229,1,-0.0346913151443005,0,8
"1016",8,4,0,0,7,2,2,7,6,76,1,-0.517853319644928,0,-0.354264974594116,0,4
"1017",2,3,0,0,4,3,3,6,6,55.75,0,-0.325147598981857,0,1.08381640911102,1,3
"1018",5,5,5,5,7,2,2,6,6,68,1,-0.517853319644928,0,1.72296380996704,1,15
"1019",4,3,1,2,6,2,1,6,5,80,1,0.831086695194244,1,-2.11192011833191,0,6
"1020",14,3,2,2,6,1,2,2,2,80,0,-0.132441878318787,0,-0.0346913151443005,0,7
"1021",10,6,8,5,7,2,1,3,3,76,0,0.252969533205032,1,-0.0346913151443005,0,19
"1022",14,5,8,2,5,2,3,6,6,55,1,1.79461526870728,1,0.604456007480621,1,15
"1023",5,4,2,1,4,2,2,5,2,69,1,1.21649813652039,1,-0.993412256240845,0,7
"1024",10,4,0,0,4,2,2,7,7,65,1,-0.132441878318787,0,0.125095501542091,1,4
"1025",5,3,1,2,5,1,1,6,7,63.5,1,-1.48138189315796,0,0.444669157266617,1,6
"1026",3,5,2,5,7,2,2,6,6,74.5,1,-0.710559010505676,0,0.284882336854935,1,12
"1027",14,3,0,0,7,3,3,5,2,63,1,-0.132441878318787,0,0.125095501542091,1,3
"1028",28,3,1,2,6,1,2,5,2,56,1,1.79461526870728,1,0.284882336854935,1,6
"1029",8,4,2,1,6,1,1,5,5,75.3333358764648,0,0.831086695194244,1,-0.194478139281273,0,7
"1030",4,5,2,2,4,1,2,7,6,51,1,-0.325147598981857,0,0.444669157266617,1,9
"1031",7,5,2,1,4,2,1,5,5,65,0,-0.132441878318787,0,0.444669157266617,1,8
"1032",32,4,2,1,7,1,2,6,6,87.5,1,-1.86679327487946,0,0.125095501542091,1,7
"1033",8,3,0,0,5,2,2,6,2,46,0,0.0602638274431229,1,1.08381640911102,1,3
"1034",15,5,0,1,4,1,1,7,2,65,1,0.831086695194244,1,0.125095501542091,1,6
"1035",10,3,2,1,4,1,2,6,6,63,1,0.252969533205032,1,1.08381640911102,1,6
"1036",40,2,0,0,6,1,0,6,6,69.5,0,1.21649813652039,1,-1.79234635829926,0,2
"1037",3,4,8,2,7,3,3,2,6,57.5,0,-1.48138189315796,0,1.56317687034607,1,14
"1038",1,3,0,0,7,2,2,2,2,60,1,1.40920376777649,1,-0.354264974594116,0,3
"1039",4,2,1,2,6,1,1,6,6,80,0,1.02379238605499,1,-1.15319907665253,0,5
"1040",7,6,1,0,5,0,1,2,1,87,0,1.21649813652039,1,-1.31298589706421,0,7
"1041",10,4,1,2,6,2,2,5,2,72.5,0,1.02379238605499,1,-0.0346913151443005,0,7
"1042",6,4,2,1,6,1,2,6,6,75,0,-0.517853319644928,0,1.08381640911102,1,7
"1043",2,4,2,2,5,1,0,8,6,47.6666679382324,1,-2.05949902534485,0,-0.354264974594116,0,8
"1044",28,4,2,2,5,1,3,7,7,72.5,1,-0.325147598981857,0,1.40339004993439,1,8
"1045",2,4,0,2,6,1,3,8,6,72,1,-0.903264701366425,0,1.40339004993439,1,6
"1046",3,3,0,0,6,2,3,7,6,63,1,-0.710559010505676,0,0.764242827892303,1,3
"1047",3,3,0,2,2,2,1,6,2,45,0,-0.903264701366425,0,0.444669157266617,1,5
"1048",1,5,0,0,7,2,1,6,6,65,0,2.18002653121948,1,0.764242827892303,1,5
"1049",4,4,2,2,7,2,2,6,6,53.25,1,-0.325147598981857,0,-0.194478139281273,0,8
"1050",14,3,0,0,7,3,3,6,2,48.5,1,1.40920376777649,1,-0.194478139281273,0,3
"1051",6,3,1,1,5,2,2,0,0,66,0,0.638380944728851,1,-0.67383861541748,0,5
"1052",4,4,2,2,6,0,2,6,7,74,1,-1.67408752441406,0,2.04253745079041,1,8
"1053",3,3,2,2,4,2,2,7,4,35,0,-1.28867614269257,0,0.125095501542091,1,7
