"","...1","followup_fallstudyhours","followup_getwritinghelp","followup_metwithinstructor","followup_metwithfreetutor","followup_imptodowellatuoft","followup_depressed","followup_stressed","fathers_education","mothers_education","fall_meangrade_year1","exp_gradschl","agreeableness2","agreeableness","extraversion2","extraversion","study_habit"
"1",294,4,3,0,0,6,1,3,4,4,72,1,-4.17926168441772,0,1.56317687034607,1,3
"2",562,21,5,2,2,7,1,2,8,7,73.3333358764648,1,-3.79385042190552,0,0.284882336854935,1,9
"3",409,6,2,0,0,4,2,2,7,6,74.3333358764648,1,-3.40843892097473,0,-0.833625435829163,0,2
"4",211,20,4,5,0,7,2,3,6,7,71.3333358764648,1,-3.21573328971863,0,1.2436032295227,1,9
"5",324,8,2,0,0,6,0,3,1,2,83.3333358764648,1,-3.21573328971863,0,1.2436032295227,1,2
"6",711,1,1,0,0,5,2,1,7,6,81.3333358764648,1,-3.21573328971863,0,-0.67383861541748,0,1
"7",390,4,4,0,2,6,0,2,7,6,79.6666641235352,1,-3.02302742004395,0,0.924029648303986,1,6
"8",497,9,4,0,0,7,1,1,7,5,89,0,-3.02302742004395,0,-1.63255953788757,0,4
"9",527,6,4,0,0,6,1,2,8,8,74,1,-3.02302742004395,0,1.40339004993439,1,4
"10",608,5,3,5,8,6,1,0,0,6,82,0,-3.02302742004395,0,-1.31298589706421,0,16
"11",787,6,4,2,2,4,1,1,7,7,54,1,-3.02302742004395,0,0.604456007480621,1,8
"12",917,4,4,0,0,6,3,3,6,2,65,1,-3.02302742004395,0,1.40339004993439,1,4
"13",511,4,4,0,0,7,2,3,5,3,83.6666641235352,1,-2.83032178878784,0,-0.514051795005798,0,4
"14",557,11,6,1,5,6,1,2,5,6,81,1,-2.83032178878784,0,2.2023241519928,1,12
"15",592,5,3,0,0,5,1,3,6,6,69,1,-2.83032178878784,0,1.72296380996704,1,3
"16",759,12,4,0,1,7,3,3,6,6,55,1,-2.83032178878784,0,0.924029648303986,1,5
"17",157,5,6,1,0,7,0,3,5,5,70,1,-2.63761615753174,0,1.72296380996704,1,7
"18",197,4,1,0,0,6,2,2,6,5,58,1,-2.63761615753174,0,-0.514051795005798,0,1
"19",361,42,6,2,8,7,2,1,6,5,68.6666641235352,1,-2.63761615753174,0,-0.194478139281273,0,16
"20",7,7,2,0,0,2,0,0,6,2,28.3333339691162,0,-2.44491028785706,0,0.444669157266617,1,2
"21",238,12,3,1,2,7,0,1,7,7,87,1,-2.44491028785706,0,-0.67383861541748,0,6
"22",309,24,5,8,0,7,1,1,6,7,91,0,-2.44491028785706,0,-0.354264974594116,0,13
"23",392,15,2,0,1,7,1,2,2,2,90,1,-2.44491028785706,0,0.924029648303986,1,3
"24",864,20,5,0,8,7,1,1,8,2,71.5,0,-2.44491028785706,0,0.924029648303986,1,13
"25",920,10,2,5,0,6,1,1,4,5,69.6666641235352,0,-2.44491028785706,0,1.72296380996704,1,7
"26",116,4,4,1,0,6,1,1,7,7,64,1,-2.25220465660095,0,1.40339004993439,1,5
"27",348,20,5,0,0,6,2,2,6,4,81.3333358764648,0,-2.25220465660095,0,0.284882336854935,1,5
"28",350,1,2,0,1,6,0,0,6,0,60,0,-2.25220465660095,0,0.604456007480621,1,3
"29",483,8,4,2,2,4,1,2,8,7,69.3333358764648,1,-2.25220465660095,0,-1.15319907665253,0,8
"30",532,35,4,2,1,7,1,3,2,2,69,1,-2.25220465660095,0,1.08381640911102,1,7
"31",558,38,5,2,5,7,3,2,7,7,80.3333358764648,1,-2.25220465660095,0,2.04253745079041,1,12
"32",633,14,4,5,5,6,2,2,7,4,82,1,-2.25220465660095,0,2.2023241519928,1,14
"33",882,14,5,0,2,4,1,1,5,7,79.5,1,-2.25220465660095,0,-1.47277271747589,0,7
"34",980,4,1,1,0,7,0,1,6,2,73.5999984741211,1,-2.25220465660095,0,0.284882336854935,1,2
"35",1009,10,5,5,2,2,3,1,6,6,55,0,-2.25220465660095,0,0.764242827892303,1,12
"36",21,4,3,8,2,7,1,2,0,5,68,1,-2.05949902534485,0,0.125095501542091,1,13
"37",552,8,2,0,0,7,3,3,6,6,79.6666641235352,1,-2.05949902534485,0,1.88275063037872,1,2
"38",624,12,6,5,5,7,0,0,7,6,85.5,0,-2.05949902534485,0,1.08381640911102,1,16
"39",630,6,5,0,0,5,1,1,6,6,87.5,1,-2.05949902534485,0,-0.833625435829163,0,5
"40",681,17,4,1,0,5,2,3,8,6,84,1,-2.05949902534485,0,2.04253745079041,1,5
"41",821,32,5,2,5,7,2,2,6,8,77,1,-2.05949902534485,0,1.2436032295227,1,12
"42",893,10,5,2,1,7,1,1,2,2,74,1,-2.05949902534485,0,0.764242827892303,1,8
"43",1043,2,4,2,2,5,1,0,8,6,47.6666679382324,1,-2.05949902534485,0,-0.354264974594116,0,8
"44",267,15,3,2,2,3,1,2,2,5,77.3333358764648,0,-1.86679327487946,0,0.604456007480621,1,7
"45",305,3,2,1,2,7,2,2,0,5,81.6666641235352,1,-1.86679327487946,0,-0.514051795005798,0,5
"46",440,12,4,0,5,7,2,3,0,0,74,1,-1.86679327487946,0,0.764242827892303,1,9
"47",503,12,5,1,0,4,1,1,7,7,73,1,-1.86679327487946,0,2.36211109161377,1,6
"48",504,25,5,1,8,6,1,1,6,6,78,1,-1.86679327487946,0,0.924029648303986,1,14
"49",541,10,5,2,2,7,2,3,6,4,83.6666641235352,1,-1.86679327487946,0,-0.514051795005798,0,9
"50",615,15,4,1,0,7,1,2,3,2,60.5,1,-1.86679327487946,0,0.764242827892303,1,5
"51",670,29,2,0,1,3,1,2,0,0,70.5,1,-1.86679327487946,0,0.125095501542091,1,3
"52",722,3,5,0,0,5,0,0,6,7,80,1,-1.86679327487946,0,-2.43149375915527,0,5
"53",972,4,3,1,1,3,1,1,6,2,64.5,1,-1.86679327487946,0,1.88275063037872,1,5
"54",1032,32,4,2,1,7,1,2,6,6,87.5,1,-1.86679327487946,0,0.125095501542091,1,7
"55",82,3,4,1,0,7,2,3,8,6,73,0,-1.67408752441406,0,2.04253745079041,1,5
"56",218,3,4,2,8,7,1,2,8,0,65,0,-1.67408752441406,0,-0.993412256240845,0,14
"57",236,5,4,2,2,5,1,2,6,6,55.5,1,-1.67408752441406,0,-0.0346913151443005,0,8
"58",253,1,1,0,0,5,0,0,5,5,85,1,-1.67408752441406,0,-1.15319907665253,0,1
"59",263,30,3,5,1,7,1,1,5,6,86,1,-1.67408752441406,0,-0.0346913151443005,0,9
"60",276,4,3,2,0,7,1,2,8,8,63.3333320617676,1,-1.67408752441406,0,1.88275063037872,1,5
"61",330,10,5,1,8,7,1,2,7,6,74,1,-1.67408752441406,0,1.72296380996704,1,14
"62",388,11,5,0,1,7,0,2,5,6,78.6666641235352,1,-1.67408752441406,0,1.2436032295227,1,6
"63",394,3,2,0,5,6,1,1,1,2,79.5,1,-1.67408752441406,0,0.284882336854935,1,7
"64",436,15,2,8,0,7,2,3,6,6,83,1,-1.67408752441406,0,-1.31298589706421,0,10
"65",567,12,2,0,1,5,2,3,6,6,90.5,1,-1.67408752441406,0,-2.43149375915527,0,3
"66",647,7,2,1,0,7,2,2,7,2,87.5,0,-1.67408752441406,0,0.604456007480621,1,3
"67",663,25,1,1,0,5,0,1,6,4,81,0,-1.67408752441406,0,-1.31298589706421,0,2
"68",732,10,6,0,0,6,1,3,2,1,64,0,-1.67408752441406,0,0.444669157266617,1,6
"69",779,7,4,1,0,7,1,2,6,5,79,1,-1.67408752441406,0,-2.11192011833191,0,5
"70",860,5,2,0,1,6,1,1,0,2,66,1,-1.67408752441406,0,-0.993412256240845,0,3
"71",896,2,2,0,1,7,2,2,0,0,74,1,-1.67408752441406,0,0.604456007480621,1,3
"72",1003,4,2,1,1,4,2,2,6,6,53,1,-1.67408752441406,0,-0.833625435829163,0,4
"73",1052,4,4,2,2,6,0,2,6,7,74,1,-1.67408752441406,0,2.04253745079041,1,8
"74",31,2,3,0,0,2,1,2,7,6,66.75,0,-1.48138189315796,0,1.2436032295227,1,3
"75",137,15,4,2,2,4,2,2,8,8,53.5,1,-1.48138189315796,0,-0.354264974594116,0,8
"76",173,7,5,2,8,7,1,3,8,5,70.5,0,-1.48138189315796,0,2.2023241519928,1,15
"77",201,7,5,0,0,7,3,3,0,3,22.5,0,-1.48138189315796,0,1.2436032295227,1,5
"78",259,5,3,5,2,3,1,1,6,7,82.5,1,-1.48138189315796,0,1.88275063037872,1,10
"79",278,16,3,0,0,5,3,2,7,7,76.3333358764648,1,-1.48138189315796,0,1.56317687034607,1,3
"80",349,3,3,0,2,6,2,2,8,6,63.7999992370605,1,-1.48138189315796,0,2.2023241519928,1,5
"81",373,5,3,5,0,6,0,2,6,6,86.5999984741211,0,-1.48138189315796,0,-0.0346913151443005,0,8
"82",397,4,4,1,5,3,2,1,7,7,67.5,1,-1.48138189315796,0,-0.67383861541748,0,10
"83",400,2,4,0,2,7,1,2,6,6,84.3333358764648,0,-1.48138189315796,0,-0.514051795005798,0,6
"84",406,12,2,1,2,6,1,2,0,0,73,1,-1.48138189315796,0,0.444669157266617,1,5
"85",559,4,6,1,0,5,1,2,6,6,63.5,0,-1.48138189315796,0,-0.0346913151443005,0,7
"86",580,3,4,8,8,3,1,2,6,7,79.5,1,-1.48138189315796,0,0.604456007480621,1,20
"87",626,4,5,2,2,7,3,3,5,5,65.75,1,-1.48138189315796,0,0.924029648303986,1,9
"88",648,4,4,2,5,7,2,2,7,6,71.3333358764648,1,-1.48138189315796,0,2.2023241519928,1,11
"89",667,14,1,0,1,7,3,3,1,2,75,1,-1.48138189315796,0,1.56317687034607,1,2
"90",899,10,5,1,2,5,1,1,5,2,74,1,-1.48138189315796,0,0.284882336854935,1,8
"91",961,10,5,2,8,5,3,3,4,1,57,1,-1.48138189315796,0,-0.194478139281273,0,15
"92",1025,5,3,1,2,5,1,1,6,7,63.5,1,-1.48138189315796,0,0.444669157266617,1,6
"93",1037,3,4,8,2,7,3,3,2,6,57.5,0,-1.48138189315796,0,1.56317687034607,1,14
"94",8,3,4,1,0,4,2,3,2,1,29.5,1,-1.28867614269257,0,-2.11192011833191,0,5
"95",33,6,4,0,5,7,2,3,6,6,80,0,-1.28867614269257,0,1.56317687034607,1,9
"96",41,13,1,1,0,7,2,3,5,5,65,0,-1.28867614269257,0,-0.194478139281273,0,2
"97",76,10,3,2,2,3,3,3,2,2,61,1,-1.28867614269257,0,0.125095501542091,1,7
"98",81,5,5,5,8,5,1,1,6,6,59,1,-1.28867614269257,0,-1.79234635829926,0,18
"99",96,4,4,0,1,7,0,2,5,5,78.25,0,-1.28867614269257,0,1.2436032295227,1,5
"100",108,6,3,0,2,4,2,2,6,6,70,0,-1.28867614269257,0,0.604456007480621,1,5
"101",148,57,6,0,2,4,1,2,6,5,77.6666641235352,1,-1.28867614269257,0,0.444669157266617,1,8
"102",247,35,6,2,8,7,2,2,7,6,72,0,-1.28867614269257,0,-0.514051795005798,0,16
"103",254,24,4,2,0,6,3,3,6,5,87.3333358764648,1,-1.28867614269257,0,1.40339004993439,1,6
"104",326,7,2,2,0,6,1,1,6,5,78.3333358764648,1,-1.28867614269257,0,-1.63255953788757,0,4
"105",328,14,4,1,1,7,1,2,6,6,67,1,-1.28867614269257,0,1.56317687034607,1,6
"106",343,15,1,0,2,7,0,1,1,1,77.3333358764648,1,-1.28867614269257,0,-0.354264974594116,0,3
"107",360,41,5,2,2,7,2,2,7,6,57,1,-1.28867614269257,0,0.444669157266617,1,9
"108",382,3,3,0,0,6,0,1,6,5,76.6666641235352,1,-1.28867614269257,0,0.604456007480621,1,3
"109",428,2,5,1,2,3,1,1,2,2,49,0,-1.28867614269257,0,0.444669157266617,1,8
"110",473,4,3,1,0,6,2,2,5,5,73,1,-1.28867614269257,0,-1.47277271747589,0,4
"111",499,4,1,2,2,7,1,2,7,7,62.5,1,-1.28867614269257,0,-0.67383861541748,0,5
"112",533,4,4,1,5,7,3,3,6,6,80.5,1,-1.28867614269257,0,0.125095501542091,1,10
"113",578,2,1,0,0,7,3,3,1,2,52.2000007629395,0,-1.28867614269257,0,0.284882336854935,1,1
"114",627,3,4,1,5,4,2,0,0,0,49.6666679382324,0,-1.28867614269257,0,0.125095501542091,1,10
"115",654,9,4,5,2,5,2,2,7,6,71,1,-1.28867614269257,0,0.444669157266617,1,11
"116",677,42,1,1,1,7,0,2,6,8,82,1,-1.28867614269257,0,-1.15319907665253,0,3
"117",678,6,6,5,1,6,2,1,6,2,79.25,1,-1.28867614269257,0,0.284882336854935,1,12
"118",679,3,4,0,0,3,1,1,7,7,69,1,-1.28867614269257,0,1.72296380996704,1,4
"119",683,3,1,0,5,6,1,1,1,1,84.6666641235352,0,-1.28867614269257,0,-0.67383861541748,0,6
"120",684,11,3,0,0,5,1,2,6,6,50,1,-1.28867614269257,0,-0.833625435829163,0,3
"121",790,3,1,0,1,7,3,3,1,1,67,1,-1.28867614269257,0,0.924029648303986,1,2
"122",815,50,5,8,8,6,1,2,6,7,98.6666641235352,1,-1.28867614269257,0,-1.47277271747589,0,21
"123",833,1,6,8,8,6,1,0,6,6,81.3333358764648,1,-1.28867614269257,0,1.72296380996704,1,22
"124",841,6,4,0,0,7,2,3,2,6,47.3333320617676,1,-1.28867614269257,0,-0.354264974594116,0,4
"125",878,3,4,2,0,7,0,1,4,2,57,1,-1.28867614269257,0,-0.0346913151443005,0,6
"126",879,6,4,2,5,7,3,3,0,0,75,1,-1.28867614269257,0,0.764242827892303,1,11
"127",939,10,4,8,8,7,3,3,2,4,75.3333358764648,1,-1.28867614269257,0,0.924029648303986,1,20
"128",1053,3,3,2,2,4,2,2,7,4,35,0,-1.28867614269257,0,0.125095501542091,1,7
"129",11,4,4,0,0,7,1,1,6,6,92.6666641235352,1,-1.09597039222717,0,-0.194478139281273,0,4
"130",39,3,4,0,5,6,2,3,2,1,68.5,0,-1.09597039222717,0,0.764242827892303,1,9
"131",43,5,5,2,2,6,0,1,6,6,60.6666679382324,0,-1.09597039222717,0,1.2436032295227,1,9
"132",44,8,3,0,2,6,2,2,8,8,89.1999969482422,1,-1.09597039222717,0,0.284882336854935,1,5
"133",110,6,3,0,1,4,1,2,6,6,67.5,0,-1.09597039222717,0,0.924029648303986,1,4
"134",135,10,4,2,5,2,2,2,4,6,45.75,1,-1.09597039222717,0,0.444669157266617,1,11
"135",232,20,4,0,0,4,2,1,7,6,85,1,-1.09597039222717,0,-1.63255953788757,0,4
"136",270,5,3,0,0,6,2,1,6,4,88,0,-1.09597039222717,0,0.764242827892303,1,3
"137",285,2,4,0,0,5,1,1,2,2,85,1,-1.09597039222717,0,-1.15319907665253,0,4
"138",291,13,3,2,2,5,2,2,6,6,81.5,1,-1.09597039222717,0,0.924029648303986,1,7
"139",312,5,2,1,0,7,2,1,6,6,70,0,-1.09597039222717,0,0.284882336854935,1,3
"140",313,14,6,1,1,7,3,3,6,6,83,1,-1.09597039222717,0,-0.0346913151443005,0,8
"141",380,25,5,1,5,6,2,1,4,2,80,1,-1.09597039222717,0,0.284882336854935,1,11
"142",427,4,4,0,2,7,3,3,6,6,66.5,0,-1.09597039222717,0,2.84147143363953,1,6
"143",468,4,2,1,0,7,3,3,6,6,56,1,-1.09597039222717,0,1.40339004993439,1,3
"144",536,5,3,0,0,5,2,3,7,5,73.6666641235352,1,-1.09597039222717,0,-0.0346913151443005,0,3
"145",556,15,3,0,0,7,1,3,6,7,62,1,-1.09597039222717,0,1.72296380996704,1,3
"146",560,2,4,1,0,7,1,2,2,6,68.25,1,-1.09597039222717,0,0.924029648303986,1,5
"147",607,4,5,2,2,4,3,2,5,6,60.75,0,-1.09597039222717,0,1.08381640911102,1,9
"148",622,8,5,1,0,6,1,2,6,6,49.5,1,-1.09597039222717,0,0.764242827892303,1,6
"149",695,7,4,0,5,5,1,2,8,8,63,1,-1.09597039222717,0,0.284882336854935,1,9
"150",724,2,2,0,0,6,2,3,2,5,82,0,-1.09597039222717,0,0.444669157266617,1,2
"151",807,4,5,0,0,7,3,3,6,6,73.5,0,-1.09597039222717,0,2.2023241519928,1,5
"152",809,28,3,2,2,7,0,2,7,7,84,1,-1.09597039222717,0,-1.15319907665253,0,7
"153",886,27,4,2,0,7,2,1,6,6,41,1,-1.09597039222717,0,0.604456007480621,1,6
"154",931,10,5,0,2,7,0,2,4,4,50,0,-1.09597039222717,0,-0.354264974594116,0,7
"155",971,35,5,2,5,6,1,2,6,6,77,1,-1.09597039222717,0,1.56317687034607,1,12
"156",985,3,3,1,2,3,1,2,4,4,52,1,-1.09597039222717,0,0.924029648303986,1,6
"157",1012,20,4,2,2,5,1,1,2,2,82.3333358764648,1,-1.09597039222717,0,0.444669157266617,1,8
"158",18,2,5,2,1,4,3,2,6,6,76.75,1,-0.903264701366425,0,0.604456007480621,1,8
"159",26,1,5,0,0,6,3,3,6,6,69,1,-0.903264701366425,0,0.444669157266617,1,5
"160",37,2,4,5,5,5,0,2,8,6,74,1,-0.903264701366425,0,-0.0346913151443005,0,14
"161",52,1,3,2,2,5,2,2,2,2,54.6666679382324,0,-0.903264701366425,0,-0.0346913151443005,0,7
"162",78,12,5,2,8,6,2,1,1,2,67,0,-0.903264701366425,0,0.125095501542091,1,15
"163",88,4,5,1,0,5,1,2,2,1,65.25,1,-0.903264701366425,0,-0.0346913151443005,0,6
"164",136,8,4,0,8,7,2,2,6,2,80,1,-0.903264701366425,0,-1.31298589706421,0,12
"165",166,4,5,0,1,5,2,1,5,5,29,0,-0.903264701366425,0,-0.0346913151443005,0,6
"166",168,10,4,2,2,7,3,3,5,2,78,0,-0.903264701366425,0,1.08381640911102,1,8
"167",176,22,5,8,8,2,1,2,1,1,75.3333358764648,0,-0.903264701366425,0,-0.514051795005798,0,21
"168",177,2,3,0,1,6,1,1,6,2,51.6666679382324,1,-0.903264701366425,0,-0.514051795005798,0,4
"169",185,18,4,2,2,4,3,1,2,5,57,1,-0.903264701366425,0,0.444669157266617,1,8
"170",216,7,3,1,2,5,1,2,8,8,38,0,-0.903264701366425,0,0.444669157266617,1,6
"171",217,7,5,5,5,6,2,1,1,2,63,1,-0.903264701366425,0,-0.194478139281273,0,15
"172",272,4,3,0,0,6,1,2,1,7,50,0,-0.903264701366425,0,0.604456007480621,1,3
"173",277,6,4,1,2,7,2,2,6,6,65.5999984741211,0,-0.903264701366425,0,-0.0346913151443005,0,7
"174",281,1,2,1,0,6,2,2,5,6,63.5,1,-0.903264701366425,0,-0.514051795005798,0,3
"175",290,4,1,1,0,1,0,0,1,2,60,1,-0.903264701366425,0,0.444669157266617,1,2
"176",332,15,4,1,0,5,1,2,6,5,68,1,-0.903264701366425,0,-0.194478139281273,0,5
"177",344,15,6,1,2,6,1,3,7,7,57.5,1,-0.903264701366425,0,0.125095501542091,1,9
"178",365,16,2,0,2,5,1,3,5,5,74.5,0,-0.903264701366425,0,1.72296380996704,1,4
"179",368,7,4,2,1,7,1,2,7,0,88,1,-0.903264701366425,0,-0.194478139281273,0,7
"180",403,12,3,2,2,2,1,1,6,6,71,0,-0.903264701366425,0,0.444669157266617,1,7
"181",452,30,2,2,8,7,2,3,6,7,79.3333358764648,1,-0.903264701366425,0,-1.79234635829926,0,12
"182",457,5,2,1,2,3,1,2,6,5,51.5,1,-0.903264701366425,0,0.764242827892303,1,5
"183",458,5,4,1,0,6,1,2,7,6,81,1,-0.903264701366425,0,1.88275063037872,1,5
"184",488,22,3,0,0,6,2,3,0,0,81,1,-0.903264701366425,0,-0.67383861541748,0,3
"185",500,6,4,5,1,7,2,3,8,8,58.5,1,-0.903264701366425,0,0.924029648303986,1,10
"186",508,5,5,0,0,5,2,2,6,6,32,0,-0.903264701366425,0,0.284882336854935,1,5
"187",531,4,5,1,0,5,1,1,6,6,64,1,-0.903264701366425,0,0.125095501542091,1,6
"188",544,15,2,0,2,6,2,2,8,8,80,1,-0.903264701366425,0,1.40339004993439,1,4
"189",548,9,5,5,5,5,1,1,4,2,67,0,-0.903264701366425,0,0.604456007480621,1,15
"190",586,10,2,0,0,5,0,1,6,2,71,1,-0.903264701366425,0,0.604456007480621,1,2
"191",643,1,1,0,0,5,1,2,4,5,76.6666641235352,1,-0.903264701366425,0,-0.833625435829163,0,1
"192",649,3,4,0,0,4,2,2,3,3,77,0,-0.903264701366425,0,0.604456007480621,1,4
"193",660,3,3,0,0,3,2,2,6,6,73,0,-0.903264701366425,0,0.764242827892303,1,3
"194",699,15,4,0,0,6,1,2,5,5,67,1,-0.903264701366425,0,-1.79234635829926,0,4
"195",768,5,5,1,1,6,0,0,6,7,80,1,-0.903264701366425,0,0.924029648303986,1,7
"196",819,7,4,2,8,3,1,2,6,6,78,1,-0.903264701366425,0,0.444669157266617,1,14
"197",857,4,2,0,0,7,0,2,6,6,70.5,1,-0.903264701366425,0,1.08381640911102,1,2
"198",863,4,4,2,2,5,1,2,5,5,77.5,0,-0.903264701366425,0,-0.833625435829163,0,8
"199",868,10,2,0,0,6,1,2,6,2,40,0,-0.903264701366425,0,-0.354264974594116,0,2
"200",887,4,3,1,1,6,3,2,6,7,52,1,-0.903264701366425,0,-0.67383861541748,0,5
"201",894,16,2,1,1,6,3,3,6,4,82,0,-0.903264701366425,0,0.444669157266617,1,4
"202",902,6,5,2,1,7,1,2,6,7,90,1,-0.903264701366425,0,-1.31298589706421,0,8
"203",912,1,2,1,0,7,1,2,0,2,67.3333358764648,0,-0.903264701366425,0,1.2436032295227,1,3
"204",941,20,2,2,1,6,0,2,7,7,90.5,1,-0.903264701366425,0,1.72296380996704,1,5
"205",957,30,2,2,0,5,3,3,6,6,78,1,-0.903264701366425,0,-0.993412256240845,0,4
"206",1001,5,5,2,1,7,1,1,4,2,66,1,-0.903264701366425,0,0.444669157266617,1,8
"207",1045,2,4,0,2,6,1,3,8,6,72,1,-0.903264701366425,0,1.40339004993439,1,6
"208",1047,3,3,0,2,2,2,1,6,2,45,0,-0.903264701366425,0,0.444669157266617,1,5
"209",2,6,4,2,0,6,0,0,2,1,80.5,0,-0.710559010505676,0,-0.514051795005798,0,6
"210",6,6,2,0,2,7,1,2,6,6,77.75,0,-0.710559010505676,0,0.284882336854935,1,4
"211",17,3,5,2,2,5,2,2,6,6,72,0,-0.710559010505676,0,1.08381640911102,1,9
"212",36,4,3,1,0,7,1,1,6,6,73.3333358764648,0,-0.710559010505676,0,0.284882336854935,1,4
"213",38,8,2,0,1,5,0,1,7,8,60.75,1,-0.710559010505676,0,-0.354264974594116,0,3
"214",63,8,5,0,5,7,2,2,6,6,71.6666641235352,1,-0.710559010505676,0,0.764242827892303,1,10
"215",83,8,5,1,2,6,1,2,6,6,43,1,-0.710559010505676,0,-0.354264974594116,0,8
"216",95,2,3,1,0,7,2,2,5,6,55,1,-0.710559010505676,0,0.444669157266617,1,4
"217",152,4,2,0,0,6,1,2,1,2,71.3333358764648,0,-0.710559010505676,0,1.08381640911102,1,2
"218",160,4,1,0,0,6,3,2,7,6,84.75,1,-0.710559010505676,0,-0.514051795005798,0,1
"219",163,16,5,5,5,6,1,2,2,2,61.5,0,-0.710559010505676,0,-0.194478139281273,0,15
"220",189,7,5,0,0,4,3,2,3,5,66,1,-0.710559010505676,0,1.08381640911102,1,5
"221",206,3,4,1,2,3,2,2,2,4,72.3333358764648,0,-0.710559010505676,0,0.764242827892303,1,7
"222",226,2,4,0,0,6,1,1,5,1,67.5,0,-0.710559010505676,0,0.284882336854935,1,4
"223",240,8,4,1,5,6,3,1,5,5,63,1,-0.710559010505676,0,0.444669157266617,1,10
"224",300,30,6,2,0,7,1,2,2,2,81,1,-0.710559010505676,0,0.764242827892303,1,8
"225",363,1,2,0,0,7,2,2,6,7,60,1,-0.710559010505676,0,0.125095501542091,1,2
"226",370,13,5,0,1,5,3,2,1,2,64,1,-0.710559010505676,0,-0.0346913151443005,0,6
"227",396,25,5,2,2,6,3,3,6,6,68,1,-0.710559010505676,0,-0.0346913151443005,0,9
"228",411,30,5,0,2,7,1,1,6,6,82.3333358764648,1,-0.710559010505676,0,1.08381640911102,1,7
"229",416,14,4,0,2,7,1,2,6,6,77,1,-0.710559010505676,0,0.284882336854935,1,6
"230",429,40,4,5,0,7,1,1,5,5,68,1,-0.710559010505676,0,-2.2717068195343,0,9
"231",446,7,1,1,0,3,0,0,5,6,84,1,-0.710559010505676,0,-0.833625435829163,0,2
"232",459,2,5,2,2,3,2,2,7,6,62,0,-0.710559010505676,0,-0.354264974594116,0,9
"233",534,6,5,0,8,5,1,1,5,5,69.5999984741211,1,-0.710559010505676,0,0.604456007480621,1,13
"234",540,4,4,0,0,4,2,3,7,6,85.25,1,-0.710559010505676,0,-1.31298589706421,0,4
"235",543,4,6,0,8,3,1,2,6,6,57.3333320617676,0,-0.710559010505676,0,-0.993412256240845,0,14
"236",597,10,4,0,0,6,2,2,8,8,87,1,-0.710559010505676,0,-1.63255953788757,0,4
"237",610,8,4,0,0,7,3,3,7,6,67.3333358764648,1,-0.710559010505676,0,-1.79234635829926,0,4
"238",641,2,3,1,1,6,2,3,5,5,77,1,-0.710559010505676,0,-0.354264974594116,0,5
"239",658,10,6,2,1,7,2,2,6,2,82,1,-0.710559010505676,0,-0.0346913151443005,0,9
"240",696,8,5,2,2,6,2,2,6,6,62.5,1,-0.710559010505676,0,0.125095501542091,1,9
"241",715,3,2,0,0,6,3,2,7,6,68,0,-0.710559010505676,0,-1.31298589706421,0,2
"242",750,5,2,0,0,4,2,1,6,5,80,1,-0.710559010505676,0,0.284882336854935,1,2
"243",811,8,4,5,0,7,2,2,7,7,64.3333358764648,1,-0.710559010505676,0,-0.0346913151443005,0,9
"244",842,1,1,1,0,5,3,3,7,6,65.5999984741211,0,-0.710559010505676,0,-0.194478139281273,0,2
"245",852,5,5,0,0,6,2,2,7,6,86.5,0,-0.710559010505676,0,0.604456007480621,1,5
"246",856,3,4,1,0,6,0,2,6,5,72.5,1,-0.710559010505676,0,0.924029648303986,1,5
"247",900,30,5,5,2,7,1,2,6,6,79.6666641235352,0,-0.710559010505676,0,2.36211109161377,1,12
"248",906,1,3,0,1,6,3,3,6,6,81.6666641235352,0,-0.710559010505676,0,-0.833625435829163,0,4
"249",907,11,5,2,5,6,1,1,6,6,73,1,-0.710559010505676,0,0.284882336854935,1,12
"250",926,5,4,0,1,5,3,3,5,2,67.6666641235352,0,-0.710559010505676,0,-0.833625435829163,0,5
"251",960,8,3,0,5,6,1,1,7,6,65.5,1,-0.710559010505676,0,-1.15319907665253,0,8
"252",979,5,3,1,0,7,1,1,5,5,54,0,-0.710559010505676,0,-0.0346913151443005,0,4
"253",992,42,6,0,0,3,3,3,6,6,75,0,-0.710559010505676,0,-0.833625435829163,0,6
"254",1013,10,3,0,2,6,1,1,6,5,83.6666641235352,1,-0.710559010505676,0,-0.514051795005798,0,5
"255",1026,3,5,2,5,7,2,2,6,6,74.5,1,-0.710559010505676,0,0.284882336854935,1,12
"256",1046,3,3,0,0,6,2,3,7,6,63,1,-0.710559010505676,0,0.764242827892303,1,3
"257",16,4,5,0,0,6,2,2,6,6,79.25,0,-0.517853319644928,0,0.284882336854935,1,5
"258",40,14,1,2,1,6,2,3,6,6,56.75,0,-0.517853319644928,0,1.40339004993439,1,4
"259",75,20,4,0,2,3,2,2,5,6,70.3333358764648,1,-0.517853319644928,0,1.08381640911102,1,6
"260",92,7,6,0,0,7,1,2,7,3,61.6666679382324,0,-0.517853319644928,0,1.40339004993439,1,6
"261",104,14,6,2,5,7,1,2,6,5,59,1,-0.517853319644928,0,0.125095501542091,1,13
"262",118,2,3,0,0,7,2,3,1,1,58.25,1,-0.517853319644928,0,-1.15319907665253,0,3
"263",154,9,4,2,1,4,2,2,6,6,45,1,-0.517853319644928,0,0.125095501542091,1,7
"264",159,3,3,0,2,3,2,1,8,0,58.5,0,-0.517853319644928,0,0.284882336854935,1,5
"265",161,3,3,2,2,7,3,3,4,6,71,1,-0.517853319644928,0,1.88275063037872,1,7
"266",165,4,4,5,5,6,2,3,8,5,59,1,-0.517853319644928,0,0.444669157266617,1,14
"267",170,2,2,0,0,3,3,2,2,3,80.5,1,-0.517853319644928,0,0.604456007480621,1,2
"268",180,15,4,1,0,6,3,2,1,1,64,0,-0.517853319644928,0,-1.31298589706421,0,5
"269",186,20,2,2,0,7,2,1,1,1,77,1,-0.517853319644928,0,-2.75106739997864,0,4
"270",193,5,3,1,0,4,2,2,6,6,61.5,0,-0.517853319644928,0,0.444669157266617,1,4
"271",199,4,4,2,2,7,1,2,7,6,78.3333358764648,1,-0.517853319644928,0,0.444669157266617,1,8
"272",207,3,3,1,1,6,1,1,6,6,81,0,-0.517853319644928,0,0.764242827892303,1,5
"273",230,57,6,0,2,7,1,1,2,2,63.5,1,-0.517853319644928,0,0.284882336854935,1,8
"274",246,12,4,1,8,7,2,2,6,6,83,1,-0.517853319644928,0,-0.514051795005798,0,13
"275",273,8,4,0,0,5,1,2,8,6,65.5,1,-0.517853319644928,0,0.604456007480621,1,4
"276",327,8,5,1,1,7,3,2,5,5,50.5,1,-0.517853319644928,0,0.444669157266617,1,7
"277",336,14,4,0,2,7,1,2,8,8,84,1,-0.517853319644928,0,2.2023241519928,1,6
"278",369,3,3,2,5,3,2,3,3,5,72,1,-0.517853319644928,0,0.125095501542091,1,10
"279",383,6,3,0,2,5,1,1,6,7,68,1,-0.517853319644928,0,-1.95213317871094,0,5
"280",401,35,3,0,2,6,2,2,6,6,89.6666641235352,1,-0.517853319644928,0,-1.95213317871094,0,5
"281",415,3,4,1,1,5,1,2,6,6,71,1,-0.517853319644928,0,0.125095501542091,1,6
"282",455,8,4,0,8,7,2,3,8,2,73,1,-0.517853319644928,0,0.284882336854935,1,12
"283",471,15,5,1,0,6,1,2,2,2,39,1,-0.517853319644928,0,0.284882336854935,1,6
"284",482,14,4,0,2,5,3,3,6,6,40.6666679382324,0,-0.517853319644928,0,0.125095501542091,1,6
"285",512,25,6,2,1,7,1,1,3,6,74,1,-0.517853319644928,0,0.444669157266617,1,9
"286",519,2,4,0,2,7,3,3,5,5,75.5,0,-0.517853319644928,0,1.56317687034607,1,6
"287",523,4,3,0,0,7,2,2,6,6,85,1,-0.517853319644928,0,0.125095501542091,1,3
"288",535,14,4,0,0,5,2,1,8,4,74,1,-0.517853319644928,0,0.764242827892303,1,4
"289",555,16,2,2,0,6,2,3,7,6,82,0,-0.517853319644928,0,-0.514051795005798,0,4
"290",569,10,3,0,0,5,2,2,4,6,80,1,-0.517853319644928,0,-0.194478139281273,0,3
"291",575,4,4,0,1,7,2,2,4,2,47.3333320617676,1,-0.517853319644928,0,0.125095501542091,1,5
"292",576,9,4,2,2,6,2,2,6,6,73,1,-0.517853319644928,0,-0.194478139281273,0,8
"293",577,15,4,0,0,7,1,2,8,8,80,1,-0.517853319644928,0,-0.993412256240845,0,4
"294",585,6,4,2,1,7,1,1,4,4,76.5,0,-0.517853319644928,0,-0.354264974594116,0,7
"295",594,6,4,1,1,6,1,1,2,2,83,1,-0.517853319644928,0,-0.514051795005798,0,6
"296",603,4,2,0,0,5,2,2,8,7,53,0,-0.517853319644928,0,-0.354264974594116,0,2
"297",604,4,6,5,1,7,2,3,5,6,82,1,-0.517853319644928,0,1.08381640911102,1,12
"298",616,15,2,0,5,5,2,2,6,2,76,1,-0.517853319644928,0,-0.993412256240845,0,7
"299",621,12,5,0,5,7,1,2,7,6,74,0,-0.517853319644928,0,-2.43149375915527,0,10
"300",625,9,2,1,0,6,1,2,2,2,69.25,0,-0.517853319644928,0,1.40339004993439,1,3
"301",689,17,5,1,0,7,2,3,6,6,66.5999984741211,1,-0.517853319644928,0,0.444669157266617,1,6
"302",717,1,1,0,2,7,3,3,7,7,69.6666641235352,1,-0.517853319644928,0,-1.63255953788757,0,3
"303",748,10,6,8,0,5,0,1,5,5,64,1,-0.517853319644928,0,0.284882336854935,1,14
"304",762,30,4,0,8,7,1,2,1,1,70,0,-0.517853319644928,0,0.604456007480621,1,12
"305",771,20,5,0,5,6,2,2,6,7,73,1,-0.517853319644928,0,-1.47277271747589,0,10
"306",794,11,2,0,0,7,3,3,2,2,62.3333320617676,1,-0.517853319644928,0,0.125095501542091,1,2
"307",823,10,4,0,1,6,1,2,1,2,67.5,1,-0.517853319644928,0,0.604456007480621,1,5
"308",846,13,1,0,0,6,2,2,1,1,65.5,1,-0.517853319644928,0,1.56317687034607,1,1
"309",942,7,6,8,8,7,2,3,0,2,52.5,0,-0.517853319644928,0,0.284882336854935,1,22
"310",976,5,6,0,1,7,2,2,7,6,77,1,-0.517853319644928,0,0.924029648303986,1,7
"311",977,16,4,2,1,6,2,2,2,2,50,0,-0.517853319644928,0,1.08381640911102,1,7
"312",1005,3,4,0,2,5,2,3,0,7,52,1,-0.517853319644928,0,-0.833625435829163,0,6
"313",1016,8,4,0,0,7,2,2,7,6,76,1,-0.517853319644928,0,-0.354264974594116,0,4
"314",1018,5,5,5,5,7,2,2,6,6,68,1,-0.517853319644928,0,1.72296380996704,1,15
"315",1042,6,4,2,1,6,1,2,6,6,75,0,-0.517853319644928,0,1.08381640911102,1,7
"316",10,2,4,5,0,4,0,1,7,8,64.1999969482422,0,-0.325147598981857,0,-0.833625435829163,0,9
"317",22,2,3,0,0,7,1,1,6,6,47.3333320617676,0,-0.325147598981857,0,-0.67383861541748,0,3
"318",24,6,4,0,0,7,3,3,6,6,51.25,0,-0.325147598981857,0,0.924029648303986,1,4
"319",28,1,1,1,2,5,1,3,6,6,70,0,-0.325147598981857,0,0.284882336854935,1,4
"320",57,10,4,1,1,6,2,3,6,2,64.5,1,-0.325147598981857,0,-0.833625435829163,0,6
"321",59,8,6,5,5,7,0,1,7,7,21,1,-0.325147598981857,0,-0.194478139281273,0,16
"322",64,5,2,2,2,3,2,1,5,2,56,0,-0.325147598981857,0,-0.0346913151443005,0,6
"323",99,8,4,0,2,3,2,2,7,2,71.3333358764648,1,-0.325147598981857,0,0.764242827892303,1,6
"324",130,4,3,2,0,7,2,3,8,4,55.6666679382324,1,-0.325147598981857,0,1.88275063037872,1,5
"325",132,10,4,0,1,5,0,2,5,5,69,0,-0.325147598981857,0,1.08381640911102,1,5
"326",141,20,2,0,0,6,0,1,6,5,81.5999984741211,1,-0.325147598981857,0,-1.63255953788757,0,2
"327",145,35,5,2,8,7,2,2,7,5,76.5,0,-0.325147598981857,0,0.284882336854935,1,15
"328",158,8,6,0,0,4,3,2,6,6,55.3333320617676,1,-0.325147598981857,0,0.764242827892303,1,6
"329",181,4,2,1,0,7,3,3,0,3,74,1,-0.325147598981857,0,0.284882336854935,1,3
"330",200,4,3,8,5,4,2,1,2,2,83,0,-0.325147598981857,0,0.444669157266617,1,16
"331",205,8,4,0,0,5,2,3,2,2,70,0,-0.325147598981857,0,-0.354264974594116,0,4
"332",213,10,4,5,2,7,1,0,5,5,77,0,-0.325147598981857,0,0.284882336854935,1,11
"333",214,10,4,1,0,6,0,3,2,2,71,0,-0.325147598981857,0,-0.833625435829163,0,5
"334",227,5,4,0,0,3,2,1,7,6,83.5,1,-0.325147598981857,0,-0.194478139281273,0,4
"335",234,20,2,0,0,6,2,2,1,5,83,1,-0.325147598981857,0,0.604456007480621,1,2
"336",299,40,2,0,0,3,2,2,5,5,78.5,1,-0.325147598981857,0,0.604456007480621,1,2
"337",303,4,3,2,2,3,2,1,2,2,61.6666679382324,0,-0.325147598981857,0,0.604456007480621,1,7
"338",311,20,4,0,5,6,2,2,6,5,80,1,-0.325147598981857,0,0.764242827892303,1,9
"339",334,5,2,0,0,7,0,2,6,7,87,0,-0.325147598981857,0,-1.31298589706421,0,2
"340",358,2,1,0,0,7,3,3,2,2,72,1,-0.325147598981857,0,-2.11192011833191,0,1
"341",372,8,3,2,0,6,1,1,7,7,73.5,1,-0.325147598981857,0,-1.15319907665253,0,5
"342",379,30,5,2,2,7,1,1,7,5,85,1,-0.325147598981857,0,-1.63255953788757,0,9
"343",395,15,2,0,0,6,1,2,6,7,74,1,-0.325147598981857,0,-1.31298589706421,0,2
"344",399,12,2,0,2,5,1,1,6,6,66,1,-0.325147598981857,0,0.444669157266617,1,4
"345",418,6,4,2,2,7,2,2,7,6,68.5,1,-0.325147598981857,0,1.2436032295227,1,8
"346",424,23,2,0,0,7,2,1,2,0,80,0,-0.325147598981857,0,-0.67383861541748,0,2
"347",431,12,3,1,1,6,1,1,8,7,80.5,1,-0.325147598981857,0,0.284882336854935,1,5
"348",463,16,5,2,8,6,0,3,6,6,75.5,1,-0.325147598981857,0,1.72296380996704,1,15
"349",477,10,5,2,2,5,1,1,2,2,65,1,-0.325147598981857,0,1.08381640911102,1,9
"350",493,6,2,2,0,6,2,2,0,0,87,1,-0.325147598981857,0,-0.67383861541748,0,4
"351",494,40,4,1,8,6,0,0,3,3,63.7999992370605,1,-0.325147598981857,0,-0.833625435829163,0,13
"352",496,14,2,1,2,7,2,2,8,8,81,1,-0.325147598981857,0,-1.15319907665253,0,5
"353",502,4,5,1,1,4,1,2,2,2,75,0,-0.325147598981857,0,0.764242827892303,1,7
"354",547,2,4,1,2,6,2,2,6,6,53.6666679382324,0,-0.325147598981857,0,0.125095501542091,1,7
"355",551,12,3,0,5,6,1,1,1,1,76,0,-0.325147598981857,0,-0.833625435829163,0,8
"356",566,14,5,0,0,7,2,3,6,6,77,1,-0.325147598981857,0,-0.354264974594116,0,5
"357",628,30,6,1,1,7,3,2,7,6,61,1,-0.325147598981857,0,0.125095501542091,1,8
"358",656,14,5,1,0,7,3,3,8,6,66,1,-0.325147598981857,0,-0.0346913151443005,0,6
"359",657,4,4,0,0,6,3,3,8,7,65,1,-0.325147598981857,0,-0.194478139281273,0,4
"360",686,7,3,5,0,6,2,2,7,6,86.6666641235352,1,-0.325147598981857,0,0.764242827892303,1,8
"361",706,10,4,1,2,6,2,2,0,1,53.75,1,-0.325147598981857,0,0.125095501542091,1,7
"362",725,4,2,2,0,7,2,1,5,6,75.6666641235352,1,-0.325147598981857,0,-1.15319907665253,0,4
"363",760,10,4,1,2,5,0,0,4,4,67.75,1,-0.325147598981857,0,0.924029648303986,1,7
"364",764,40,5,1,2,6,1,1,6,8,76.3333358764648,1,-0.325147598981857,0,0.604456007480621,1,8
"365",786,6,5,1,1,7,1,2,8,8,58,1,-0.325147598981857,0,0.284882336854935,1,7
"366",788,6,5,2,5,6,1,1,6,6,81,1,-0.325147598981857,0,1.2436032295227,1,12
"367",796,3,6,1,8,6,1,2,5,5,65,1,-0.325147598981857,0,-0.67383861541748,0,15
"368",800,20,4,8,8,7,1,2,8,8,80.5,1,-0.325147598981857,0,0.284882336854935,1,20
"369",813,48,5,2,8,7,1,1,6,6,71,0,-0.325147598981857,0,0.125095501542091,1,15
"370",827,4,5,0,0,6,1,0,6,6,76,1,-0.325147598981857,0,0.284882336854935,1,5
"371",844,9,4,0,1,5,1,1,6,6,80,1,-0.325147598981857,0,0.284882336854935,1,5
"372",847,3,3,0,8,2,3,2,3,6,64.25,1,-0.325147598981857,0,-0.354264974594116,0,11
"373",877,15,2,2,5,6,1,3,7,7,86,1,-0.325147598981857,0,0.444669157266617,1,9
"374",889,5,6,2,0,7,3,2,6,6,70,1,-0.325147598981857,0,0.764242827892303,1,8
"375",908,4,4,2,1,7,2,1,7,5,91.5,0,-0.325147598981857,0,0.604456007480621,1,7
"376",915,18,2,0,0,7,1,3,2,2,72.5,0,-0.325147598981857,0,1.72296380996704,1,2
"377",949,3,2,0,0,6,2,2,6,6,72.5,1,-0.325147598981857,0,0.125095501542091,1,2
"378",962,4,5,0,0,4,1,1,6,6,69,0,-0.325147598981857,0,-0.354264974594116,0,5
"379",969,40,6,2,8,7,1,2,0,0,74.5,1,-0.325147598981857,0,0.125095501542091,1,16
"380",975,3,4,0,0,4,1,1,1,2,86,0,-0.325147598981857,0,-0.0346913151443005,0,4
"381",996,8,4,2,5,7,2,2,0,0,47,1,-0.325147598981857,0,1.2436032295227,1,11
"382",1014,3,4,2,2,7,1,2,7,5,74,1,-0.325147598981857,0,-0.67383861541748,0,8
"383",1017,2,3,0,0,4,3,3,6,6,55.75,0,-0.325147598981857,0,1.08381640911102,1,3
"384",1030,4,5,2,2,4,1,2,7,6,51,1,-0.325147598981857,0,0.444669157266617,1,9
"385",1044,28,4,2,2,5,1,3,7,7,72.5,1,-0.325147598981857,0,1.40339004993439,1,8
"386",1049,4,4,2,2,7,2,2,6,6,53.25,1,-0.325147598981857,0,-0.194478139281273,0,8
"387",12,14,5,2,2,6,1,1,8,6,81,1,-0.132441878318787,0,-1.31298589706421,0,9
"388",58,4,6,1,2,7,2,2,2,2,48.6666679382324,0,-0.132441878318787,0,0.284882336854935,1,9
"389",60,5,5,1,5,5,2,3,7,6,67.5,0,-0.132441878318787,0,-0.0346913151443005,0,11
"390",71,6,5,2,5,7,3,2,0,2,68,1,-0.132441878318787,0,0.284882336854935,1,12
"391",100,9,6,8,8,7,3,3,7,7,61,0,-0.132441878318787,0,0.284882336854935,1,22
"392",102,10,3,1,2,6,3,0,6,1,78.25,1,-0.132441878318787,0,-0.194478139281273,0,6
"393",103,23,4,2,2,7,3,3,1,1,77.25,0,-0.132441878318787,0,-0.0346913151443005,0,8
"394",117,3,4,0,0,5,2,1,2,2,68.6666641235352,1,-0.132441878318787,0,0.924029648303986,1,4
"395",146,2,5,1,1,5,1,1,7,6,75.25,1,-0.132441878318787,0,-1.63255953788757,0,7
"396",149,21,3,8,8,7,1,3,1,5,71,1,-0.132441878318787,0,-1.15319907665253,0,19
"397",151,3,3,2,8,7,2,2,6,4,63,1,-0.132441878318787,0,1.2436032295227,1,13
"398",162,14,2,5,2,7,1,3,7,6,76,1,-0.132441878318787,0,1.56317687034607,1,9
"399",171,4,5,5,2,7,0,1,6,1,63,1,-0.132441878318787,0,-0.354264974594116,0,12
"400",172,9,1,2,5,5,2,3,6,5,79.3333358764648,0,-0.132441878318787,0,0.764242827892303,1,8
"401",191,6,5,2,2,7,1,3,6,5,60,0,-0.132441878318787,0,-0.0346913151443005,0,9
"402",203,7,5,1,0,5,2,3,6,6,60.5,0,-0.132441878318787,0,0.284882336854935,1,6
"403",222,6,4,0,0,4,2,3,3,2,59.3333320617676,0,-0.132441878318787,0,0.444669157266617,1,4
"404",231,22,4,0,0,7,1,2,2,5,76.5,0,-0.132441878318787,0,0.924029648303986,1,4
"405",245,3,4,1,0,4,2,2,7,6,82.5,0,-0.132441878318787,0,1.88275063037872,1,5
"406",265,20,5,0,1,7,1,3,7,6,87.3333358764648,1,-0.132441878318787,0,0.764242827892303,1,6
"407",266,15,5,1,1,5,3,3,2,3,68.5,1,-0.132441878318787,0,-0.0346913151443005,0,7
"408",310,10,3,2,8,7,1,2,6,6,91,0,-0.132441878318787,0,-1.31298589706421,0,13
"409",329,7,4,2,0,4,1,2,4,2,87.3333358764648,0,-0.132441878318787,0,-0.354264974594116,0,6
"410",331,1,2,0,2,6,1,1,6,5,88.3333358764648,1,-0.132441878318787,0,2.04253745079041,1,4
"411",346,6,5,0,1,7,2,2,7,6,63,0,-0.132441878318787,0,0.125095501542091,1,6
"412",347,18,4,0,2,7,2,2,2,6,66,1,-0.132441878318787,0,-0.993412256240845,0,6
"413",359,5,4,0,0,4,1,1,8,6,88.3333358764648,1,-0.132441878318787,0,-0.67383861541748,0,4
"414",376,4,4,0,1,6,2,3,1,1,59,1,-0.132441878318787,0,-1.15319907665253,0,5
"415",426,13,5,2,8,7,2,3,6,6,72.5,1,-0.132441878318787,0,0.125095501542091,1,15
"416",434,4,6,1,2,7,2,3,6,6,70,1,-0.132441878318787,0,-0.0346913151443005,0,9
"417",450,4,2,0,0,6,2,1,6,6,80.6666641235352,1,-0.132441878318787,0,0.444669157266617,1,2
"418",451,40,2,1,1,7,2,2,7,6,83.6666641235352,1,-0.132441878318787,0,-2.59128046035767,0,4
"419",460,10,4,1,0,7,1,1,7,6,80,1,-0.132441878318787,0,0.444669157266617,1,5
"420",469,3,5,0,2,7,1,2,5,5,79,1,-0.132441878318787,0,-0.514051795005798,0,7
"421",481,4,4,2,0,3,3,3,6,6,55.6666679382324,0,-0.132441878318787,0,0.764242827892303,1,6
"422",520,4,5,1,8,7,2,3,4,6,75,1,-0.132441878318787,0,0.924029648303986,1,14
"423",530,15,5,2,8,7,3,3,7,6,65.5,1,-0.132441878318787,0,0.125095501542091,1,15
"424",537,6,5,1,2,6,1,2,6,2,66,1,-0.132441878318787,0,0.284882336854935,1,8
"425",545,25,4,2,8,6,2,3,3,6,71,1,-0.132441878318787,0,1.72296380996704,1,14
"426",549,1,5,1,0,7,1,2,1,5,66,0,-0.132441878318787,0,1.40339004993439,1,6
"427",568,4,4,1,1,4,2,2,6,8,57.25,1,-0.132441878318787,0,-0.0346913151443005,0,6
"428",571,4,4,5,2,7,3,2,8,6,77,1,-0.132441878318787,0,1.88275063037872,1,11
"429",584,15,3,1,0,5,1,2,2,1,63,1,-0.132441878318787,0,0.604456007480621,1,4
"430",587,10,3,2,1,6,1,2,5,5,69,1,-0.132441878318787,0,-1.15319907665253,0,6
"431",614,10,4,0,2,4,1,2,5,5,57,0,-0.132441878318787,0,0.764242827892303,1,6
"432",635,9,6,2,2,6,2,3,7,7,61,1,-0.132441878318787,0,-0.194478139281273,0,10
"433",638,23,4,0,0,3,2,2,6,5,71,1,-0.132441878318787,0,-0.514051795005798,0,4
"434",661,8,4,0,1,5,2,2,2,4,57,0,-0.132441878318787,0,0.125095501542091,1,5
"435",664,15,3,1,2,5,1,1,2,1,69,0,-0.132441878318787,0,-0.194478139281273,0,6
"436",687,9,2,0,0,7,1,2,6,5,72.2857131958008,1,-0.132441878318787,0,0.444669157266617,1,2
"437",688,3,4,0,0,6,2,1,1,1,70,1,-0.132441878318787,0,0.764242827892303,1,4
"438",701,3,1,1,1,6,2,3,8,7,71.5,0,-0.132441878318787,0,2.04253745079041,1,3
"439",702,7,5,5,8,7,2,3,8,6,78.5,1,-0.132441878318787,0,0.284882336854935,1,18
"440",733,6,2,2,2,6,1,1,6,6,73.3333358764648,0,-0.132441878318787,0,0.284882336854935,1,6
"441",744,5,4,0,1,7,1,2,5,1,68.75,0,-0.132441878318787,0,-0.833625435829163,0,5
"442",765,22,2,2,5,6,2,1,6,6,37,1,-0.132441878318787,0,-0.514051795005798,0,9
"443",773,3,4,1,1,3,2,2,7,6,72.4000015258789,1,-0.132441878318787,0,0.284882336854935,1,6
"444",775,14,5,0,0,7,2,2,7,7,74.5,1,-0.132441878318787,0,0.924029648303986,1,5
"445",778,9,4,0,0,7,1,0,7,7,69,1,-0.132441878318787,0,0.444669157266617,1,4
"446",795,7,5,2,0,5,1,2,8,7,86.5,1,-0.132441878318787,0,-1.31298589706421,0,7
"447",828,5,5,0,2,7,3,0,6,8,74.3333358764648,1,-0.132441878318787,0,0.764242827892303,1,7
"448",843,2,3,0,0,7,2,3,2,2,70,0,-0.132441878318787,0,0.125095501542091,1,3
"449",925,10,4,0,8,6,2,2,2,2,74,1,-0.132441878318787,0,-1.31298589706421,0,12
"450",929,20,6,0,0,7,2,3,5,5,71.5,0,-0.132441878318787,0,0.284882336854935,1,6
"451",930,1,3,1,1,4,2,1,6,2,23,0,-0.132441878318787,0,-0.67383861541748,0,5
"452",932,4,4,2,8,5,2,3,7,7,78,1,-0.132441878318787,0,-0.67383861541748,0,14
"453",943,8,4,2,0,7,2,2,6,2,57,0,-0.132441878318787,0,0.125095501542091,1,6
"454",959,3,4,0,2,6,3,2,6,6,79.5,0,-0.132441878318787,0,1.40339004993439,1,6
"455",978,4,5,2,1,3,2,1,6,5,35.3333320617676,0,-0.132441878318787,0,0.125095501542091,1,8
"456",989,11,5,0,8,7,1,2,7,0,73,1,-0.132441878318787,0,1.08381640911102,1,13
"457",990,7,3,2,8,7,1,1,6,6,87.5,1,-0.132441878318787,0,0.284882336854935,1,13
"458",995,10,3,1,1,6,3,2,2,2,80,0,-0.132441878318787,0,-0.354264974594116,0,5
"459",997,30,4,1,1,5,2,3,6,6,62.25,1,-0.132441878318787,0,0.125095501542091,1,6
"460",1010,5,4,0,2,6,1,2,4,6,72,0,-0.132441878318787,0,-1.31298589706421,0,6
"461",1011,10,4,2,1,5,2,2,3,6,63.5,1,-0.132441878318787,0,-0.514051795005798,0,7
"462",1020,14,3,2,2,6,1,2,2,2,80,0,-0.132441878318787,0,-0.0346913151443005,0,7
"463",1024,10,4,0,0,4,2,2,7,7,65,1,-0.132441878318787,0,0.125095501542091,1,4
"464",1027,14,3,0,0,7,3,3,5,2,63,1,-0.132441878318787,0,0.125095501542091,1,3
"465",1031,7,5,2,1,4,2,1,5,5,65,0,-0.132441878318787,0,0.444669157266617,1,8
"466",4,11,4,5,0,6,1,2,6,6,86,1,0.0602638274431229,1,-1.95213317871094,0,9
"467",5,5,2,0,0,6,2,3,7,7,73.75,0,0.0602638274431229,1,0.444669157266617,1,2
"468",27,35,4,0,0,5,2,3,8,8,91.5,0,0.0602638274431229,1,0.125095501542091,1,4
"469",47,3,5,0,2,7,3,3,5,5,62,0,0.0602638274431229,1,-0.0346913151443005,0,7
"470",73,3,4,1,5,7,3,3,5,1,81.3333358764648,0,0.0602638274431229,1,0.444669157266617,1,10
"471",80,18,5,0,0,4,2,2,6,6,88.75,1,0.0602638274431229,1,-0.194478139281273,0,5
"472",85,14,4,0,0,7,0,1,2,5,70.5,1,0.0602638274431229,1,-0.0346913151443005,0,4
"473",86,24,3,1,0,7,2,2,7,8,57,1,0.0602638274431229,1,0.125095501542091,1,4
"474",93,3,3,0,0,6,1,1,5,6,82.5,0,0.0602638274431229,1,-0.514051795005798,0,3
"475",105,16,5,2,8,6,1,1,6,6,68.5999984741211,1,0.0602638274431229,1,-0.833625435829163,0,15
"476",115,2,4,2,0,7,1,2,8,6,86.3333358764648,1,0.0602638274431229,1,1.08381640911102,1,6
"477",124,9,3,2,1,7,1,1,6,4,82,0,0.0602638274431229,1,1.88275063037872,1,6
"478",138,10,5,2,2,7,1,3,6,6,58,1,0.0602638274431229,1,0.444669157266617,1,9
"479",155,4,5,0,0,6,1,3,2,2,80,1,0.0602638274431229,1,0.924029648303986,1,5
"480",187,6,4,0,1,5,2,3,6,6,79,0,0.0602638274431229,1,-0.67383861541748,0,5
"481",195,6,4,1,2,6,0,2,1,1,71,1,0.0602638274431229,1,0.125095501542091,1,7
"482",209,8,2,1,8,7,2,1,7,6,60,0,0.0602638274431229,1,-1.15319907665253,0,11
"483",212,10,4,2,0,2,1,2,6,7,70,1,0.0602638274431229,1,-0.514051795005798,0,6
"484",225,2,2,1,2,7,0,3,2,1,58,1,0.0602638274431229,1,0.764242827892303,1,5
"485",228,3,5,8,8,6,2,3,6,1,73,0,0.0602638274431229,1,-0.0346913151443005,0,21
"486",233,25,5,0,1,5,0,2,6,7,90,1,0.0602638274431229,1,2.04253745079041,1,6
"487",242,35,2,0,1,7,2,3,6,6,73.5,0,0.0602638274431229,1,-2.11192011833191,0,3
"488",250,14,4,2,5,6,2,3,2,2,65,1,0.0602638274431229,1,0.604456007480621,1,11
"489",260,2,4,1,2,3,1,2,7,7,56.5,1,0.0602638274431229,1,0.604456007480621,1,7
"490",284,35,4,2,2,7,3,3,8,6,76.5,1,0.0602638274431229,1,-0.194478139281273,0,8
"491",307,2,4,0,2,6,1,1,7,6,62.3333320617676,1,0.0602638274431229,1,-0.194478139281273,0,6
"492",341,10,5,0,0,7,3,2,3,1,62,0,0.0602638274431229,1,-2.2717068195343,0,5
"493",351,4,6,5,8,7,2,1,8,6,93.4000015258789,1,0.0602638274431229,1,0.764242827892303,1,19
"494",355,20,4,5,5,7,1,2,6,6,87,1,0.0602638274431229,1,0.444669157266617,1,14
"495",364,15,4,1,2,6,2,2,6,7,67,1,0.0602638274431229,1,-0.0346913151443005,0,7
"496",367,3,1,0,0,7,1,1,6,6,79.5,1,0.0602638274431229,1,0.125095501542091,1,1
"497",377,2,3,0,0,6,2,3,6,6,58.5,0,0.0602638274431229,1,0.604456007480621,1,3
"498",419,3,3,0,2,7,1,2,5,5,85,1,0.0602638274431229,1,-0.993412256240845,0,5
"499",425,21,6,2,5,7,2,3,0,0,86,1,0.0602638274431229,1,-0.993412256240845,0,13
"500",439,8,5,2,2,4,3,3,0,4,58.2000007629395,0,0.0602638274431229,1,0.284882336854935,1,9
"501",441,18,4,5,2,7,2,2,1,1,74.5,1,0.0602638274431229,1,1.88275063037872,1,11
"502",448,22,3,1,0,3,1,2,7,6,64,1,0.0602638274431229,1,0.125095501542091,1,4
"503",464,22,3,0,2,5,1,1,7,7,60.5,0,0.0602638274431229,1,0.604456007480621,1,5
"504",470,12,2,0,1,5,1,2,0,0,63.75,0,0.0602638274431229,1,-1.79234635829926,0,3
"505",487,6,4,1,0,6,2,2,2,2,55.4000015258789,1,0.0602638274431229,1,-0.194478139281273,0,5
"506",491,22,3,2,1,7,3,2,6,6,85.5,1,0.0602638274431229,1,0.125095501542091,1,6
"507",517,3,3,0,0,3,3,3,2,1,68,0,0.0602638274431229,1,0.444669157266617,1,3
"508",518,2,5,1,0,7,2,2,2,2,66,0,0.0602638274431229,1,-0.514051795005798,0,6
"509",521,10,2,1,1,4,1,2,6,5,82,1,0.0602638274431229,1,-0.67383861541748,0,4
"510",529,40,4,2,2,4,0,0,7,8,74.3333358764648,0,0.0602638274431229,1,-0.514051795005798,0,8
"511",553,15,5,1,2,7,1,2,3,2,55.5,1,0.0602638274431229,1,-0.194478139281273,0,8
"512",564,4,3,1,0,4,1,2,6,7,59,0,0.0602638274431229,1,1.08381640911102,1,4
"513",565,3,3,2,2,7,1,2,6,5,54,0,0.0602638274431229,1,-0.993412256240845,0,7
"514",588,4,3,0,2,7,2,2,6,6,59.5,1,0.0602638274431229,1,-0.514051795005798,0,5
"515",590,12,3,0,2,4,0,2,4,5,76.3333358764648,0,0.0602638274431229,1,-0.514051795005798,0,5
"516",736,20,4,0,2,7,1,2,5,5,73.5,1,0.0602638274431229,1,-0.993412256240845,0,6
"517",745,1,3,1,0,7,1,2,8,8,88,1,0.0602638274431229,1,1.88275063037872,1,4
"518",746,8,2,0,0,6,2,3,1,0,76,1,0.0602638274431229,1,-0.993412256240845,0,2
"519",749,7,4,2,1,6,2,3,6,6,66.3333358764648,0,0.0602638274431229,1,-0.354264974594116,0,7
"520",776,36,4,0,0,7,1,2,7,6,81.3333358764648,0,0.0602638274431229,1,0.764242827892303,1,4
"521",777,2,3,2,8,5,1,1,6,6,76.3333358764648,0,0.0602638274431229,1,0.924029648303986,1,13
"522",784,10,3,0,8,6,0,1,6,6,75.6666641235352,0,0.0602638274431229,1,-1.15319907665253,0,11
"523",798,4,3,2,2,3,1,1,4,7,74,1,0.0602638274431229,1,0.604456007480621,1,7
"524",832,5,4,2,5,4,3,3,5,6,71,0,0.0602638274431229,1,1.72296380996704,1,11
"525",835,1,1,0,1,4,1,2,1,2,73.6666641235352,0,0.0602638274431229,1,-1.47277271747589,0,2
"526",845,4,5,1,0,5,1,0,7,6,60,1,0.0602638274431229,1,-2.2717068195343,0,6
"527",869,10,3,2,0,7,0,1,1,6,84,1,0.0602638274431229,1,-1.47277271747589,0,5
"528",873,2,3,0,0,3,2,1,0,0,56,0,0.0602638274431229,1,-0.833625435829163,0,3
"529",881,45,4,0,5,7,2,3,6,7,75.5,1,0.0602638274431229,1,-0.194478139281273,0,9
"530",901,4,2,0,0,5,2,1,5,4,82.6666641235352,1,0.0602638274431229,1,0.284882336854935,1,2
"531",910,25,3,2,5,6,1,1,6,6,88.6666641235352,1,0.0602638274431229,1,-0.0346913151443005,0,10
"532",913,5,5,2,2,7,2,2,6,6,66.5,0,0.0602638274431229,1,-0.833625435829163,0,9
"533",916,1,1,0,0,4,0,2,2,2,54,1,0.0602638274431229,1,-1.47277271747589,0,1
"534",934,8,4,2,8,7,3,3,7,7,55.5,1,0.0602638274431229,1,-0.993412256240845,0,14
"535",955,12,4,2,8,5,2,1,5,6,71,1,0.0602638274431229,1,-0.0346913151443005,0,14
"536",965,3,3,0,0,4,1,1,2,6,66.3333358764648,0,0.0602638274431229,1,-0.194478139281273,0,3
"537",982,8,5,5,2,7,2,3,6,6,62.5999984741211,0,0.0602638274431229,1,-0.993412256240845,0,12
"538",993,7,1,0,0,4,1,3,7,6,54,0,0.0602638274431229,1,-0.67383861541748,0,1
"539",1000,25,3,0,2,5,1,1,5,5,54,0,0.0602638274431229,1,0.444669157266617,1,5
"540",1015,16,4,2,2,7,1,1,6,6,74,1,0.0602638274431229,1,-0.0346913151443005,0,8
"541",1033,8,3,0,0,5,2,2,6,2,46,0,0.0602638274431229,1,1.08381640911102,1,3
"542",14,20,4,1,0,6,2,2,7,7,82.3333358764648,0,0.252969533205032,1,-1.47277271747589,0,5
"543",29,9,4,2,2,4,2,2,6,5,55,0,0.252969533205032,1,-1.95213317871094,0,8
"544",53,20,3,0,0,6,0,1,0,0,71,1,0.252969533205032,1,-1.63255953788757,0,3
"545",65,7,4,0,1,5,1,2,6,6,80.6666641235352,0,0.252969533205032,1,-0.194478139281273,0,5
"546",106,15,5,0,2,5,2,2,6,2,78,0,0.252969533205032,1,0.444669157266617,1,7
"547",114,20,4,0,1,5,0,1,2,2,69,1,0.252969533205032,1,0.125095501542091,1,5
"548",128,4,3,0,0,4,1,1,6,6,50,1,0.252969533205032,1,0.284882336854935,1,3
"549",134,19,5,0,0,6,2,3,6,2,69,0,0.252969533205032,1,-1.15319907665253,0,5
"550",140,1,2,1,1,7,2,1,0,0,60.3333320617676,0,0.252969533205032,1,-0.194478139281273,0,4
"551",169,2,3,2,2,2,1,2,7,2,77.6666641235352,0,0.252969533205032,1,-0.833625435829163,0,7
"552",219,20,2,2,2,6,1,1,7,6,70,0,0.252969533205032,1,-0.354264974594116,0,6
"553",220,4,5,0,1,5,1,2,8,8,80,1,0.252969533205032,1,-0.0346913151443005,0,6
"554",221,4,6,0,0,7,1,2,6,6,78,1,0.252969533205032,1,-1.63255953788757,0,6
"555",244,15,5,0,1,6,1,3,5,6,84,1,0.252969533205032,1,0.284882336854935,1,6
"556",286,5,4,1,0,6,2,2,6,6,70.5,1,0.252969533205032,1,-0.514051795005798,0,5
"557",295,20,2,5,5,7,1,2,5,5,72,1,0.252969533205032,1,-1.79234635829926,0,12
"558",298,4,3,0,0,5,1,1,7,7,92.5,1,0.252969533205032,1,-2.2717068195343,0,3
"559",301,8,3,0,5,6,1,1,6,5,74.4000015258789,1,0.252969533205032,1,-0.67383861541748,0,8
"560",314,30,3,1,2,6,2,2,5,5,66,1,0.252969533205032,1,-0.354264974594116,0,6
"561",352,1,2,1,0,4,3,3,8,8,40,1,0.252969533205032,1,0.284882336854935,1,3
"562",354,26,5,1,0,7,0,3,6,6,85,0,0.252969533205032,1,-1.47277271747589,0,6
"563",398,2,5,2,1,6,3,3,3,3,42,0,0.252969533205032,1,0.764242827892303,1,8
"564",407,14,5,5,5,7,1,1,6,5,81.6666641235352,1,0.252969533205032,1,1.08381640911102,1,15
"565",437,14,4,5,2,6,1,2,2,1,70.75,1,0.252969533205032,1,-0.354264974594116,0,11
"566",461,5,3,0,0,4,1,1,7,7,77.5,0,0.252969533205032,1,-0.0346913151443005,0,3
"567",467,5,6,0,0,6,1,0,6,6,75.3333358764648,1,0.252969533205032,1,0.604456007480621,1,6
"568",480,6,4,0,1,5,3,3,2,2,64.3333358764648,1,0.252969533205032,1,-0.67383861541748,0,5
"569",484,3,3,2,2,5,2,2,8,5,77.5,1,0.252969533205032,1,-0.194478139281273,0,7
"570",515,11,2,2,2,7,2,2,6,6,74.5,1,0.252969533205032,1,1.08381640911102,1,6
"571",528,24,4,2,2,4,2,2,2,2,70.3333358764648,1,0.252969533205032,1,1.08381640911102,1,8
"572",539,25,6,2,8,7,1,2,7,6,57,1,0.252969533205032,1,0.444669157266617,1,16
"573",563,16,3,2,0,5,1,1,6,6,82,0,0.252969533205032,1,-0.993412256240845,0,5
"574",583,7,3,0,0,7,2,2,6,0,72,1,0.252969533205032,1,0.604456007480621,1,3
"575",598,3,4,0,2,7,3,3,7,6,70.3333358764648,0,0.252969533205032,1,-0.514051795005798,0,6
"576",599,14,5,0,1,5,2,2,0,0,65.5,1,0.252969533205032,1,-1.15319907665253,0,6
"577",606,35,5,1,5,5,1,2,8,7,64,1,0.252969533205032,1,1.56317687034607,1,11
"578",612,1,5,2,8,6,1,2,6,0,60.5,0,0.252969533205032,1,1.08381640911102,1,15
"579",613,5,3,2,0,6,1,1,0,0,92,0,0.252969533205032,1,-1.63255953788757,0,5
"580",651,12,3,2,1,6,2,2,7,7,76,1,0.252969533205032,1,0.604456007480621,1,6
"581",652,5,4,2,5,6,2,3,7,6,77,1,0.252969533205032,1,0.125095501542091,1,11
"582",662,1,5,0,1,5,2,2,7,5,80.6666641235352,1,0.252969533205032,1,-0.993412256240845,0,6
"583",694,6,4,2,0,7,3,1,7,7,81,1,0.252969533205032,1,1.56317687034607,1,6
"584",704,7,1,0,0,6,0,2,4,2,81.6666641235352,0,0.252969533205032,1,-2.11192011833191,0,1
"585",707,12,5,0,1,7,0,1,3,4,67,1,0.252969533205032,1,0.284882336854935,1,6
"586",710,16,2,0,0,7,2,3,7,6,59.3333320617676,0,0.252969533205032,1,0.924029648303986,1,2
"587",714,18,3,0,0,7,1,1,6,3,65.4000015258789,1,0.252969533205032,1,-0.194478139281273,0,3
"588",729,9,4,1,2,6,1,2,7,6,60,0,0.252969533205032,1,1.40339004993439,1,7
"589",737,15,5,1,2,7,3,3,6,2,81.3333358764648,1,0.252969533205032,1,2.2023241519928,1,8
"590",747,3,3,1,2,4,3,3,5,5,77.75,0,0.252969533205032,1,-0.67383861541748,0,6
"591",781,7,4,2,1,7,3,3,2,3,70.5999984741211,1,0.252969533205032,1,1.2436032295227,1,7
"592",789,40,4,0,5,7,2,3,6,7,70.3333358764648,1,0.252969533205032,1,-0.354264974594116,0,9
"593",808,2,2,0,1,7,3,3,6,6,62,1,0.252969533205032,1,0.444669157266617,1,3
"594",816,30,5,2,0,6,1,1,4,6,70.5,0,0.252969533205032,1,0.284882336854935,1,7
"595",831,15,2,0,0,6,3,3,6,5,65.5,1,0.252969533205032,1,1.08381640911102,1,2
"596",840,7,3,0,0,6,1,2,5,6,71,0,0.252969533205032,1,-0.0346913151443005,0,3
"597",861,2,2,2,5,7,2,3,6,0,81,0,0.252969533205032,1,0.444669157266617,1,9
"598",865,6,4,1,0,5,3,2,3,5,52.5,0,0.252969533205032,1,-0.354264974594116,0,5
"599",870,4,5,2,0,6,0,1,5,5,66,0,0.252969533205032,1,-0.354264974594116,0,7
"600",914,10,3,2,2,7,1,3,4,5,66.25,1,0.252969533205032,1,-0.354264974594116,0,7
"601",928,15,5,2,2,7,1,2,3,5,87,0,0.252969533205032,1,-0.514051795005798,0,9
"602",935,4,4,1,1,5,1,2,6,6,53,0,0.252969533205032,1,-0.354264974594116,0,6
"603",983,5,4,2,1,7,1,1,4,4,74,1,0.252969533205032,1,0.125095501542091,1,7
"604",1007,9,3,2,1,7,3,2,1,2,74,1,0.252969533205032,1,0.764242827892303,1,6
"605",1021,10,6,8,5,7,2,1,3,3,76,0,0.252969533205032,1,-0.0346913151443005,0,19
"606",1035,10,3,2,1,4,1,2,6,6,63,1,0.252969533205032,1,1.08381640911102,1,6
"607",32,3,4,0,0,4,3,3,6,6,56,1,0.445675253868103,1,0.125095501542091,1,4
"608",45,2,3,2,5,7,0,1,5,5,70,0,0.445675253868103,1,-0.67383861541748,0,10
"609",46,3,1,0,0,6,3,3,6,1,63.5,1,0.445675253868103,1,-0.833625435829163,0,1
"610",62,2,4,2,0,6,3,1,5,2,90,0,0.445675253868103,1,-0.514051795005798,0,6
"611",68,15,6,2,2,7,1,2,7,1,60,1,0.445675253868103,1,1.40339004993439,1,10
"612",72,4,4,2,0,3,1,1,6,4,65,1,0.445675253868103,1,-0.354264974594116,0,6
"613",97,2,1,0,0,7,3,3,0,0,56.5,0,0.445675253868103,1,-0.67383861541748,0,1
"614",101,3,4,1,2,6,3,3,5,5,58,0,0.445675253868103,1,0.604456007480621,1,7
"615",109,4,4,5,2,4,1,2,1,1,56,0,0.445675253868103,1,0.444669157266617,1,11
"616",123,10,4,0,0,5,1,1,6,5,83.6666641235352,0,0.445675253868103,1,-0.67383861541748,0,4
"617",127,7,2,1,2,7,2,3,8,2,79,1,0.445675253868103,1,-0.514051795005798,0,5
"618",129,14,3,0,1,6,3,3,7,6,80,1,0.445675253868103,1,1.08381640911102,1,4
"619",144,2,2,2,1,7,3,2,8,7,81.5,1,0.445675253868103,1,-1.79234635829926,0,5
"620",175,25,4,2,0,5,1,1,4,6,92.1999969482422,1,0.445675253868103,1,-1.31298589706421,0,6
"621",182,15,5,0,2,7,2,2,6,6,80.5,1,0.445675253868103,1,-0.67383861541748,0,7
"622",184,6,2,2,0,7,2,2,6,6,53,0,0.445675253868103,1,-0.993412256240845,0,4
"623",188,3,4,0,1,7,1,2,1,1,62,0,0.445675253868103,1,-1.31298589706421,0,5
"624",190,6,2,0,1,5,2,1,0,5,68.75,0,0.445675253868103,1,0.125095501542091,1,3
"625",202,7,3,2,0,7,1,2,2,3,46,1,0.445675253868103,1,-1.15319907665253,0,5
"626",215,50,5,2,0,7,1,3,6,7,93,0,0.445675253868103,1,-0.833625435829163,0,7
"627",229,10,4,2,8,6,1,1,6,6,75.5,0,0.445675253868103,1,-1.15319907665253,0,14
"628",237,11,3,2,1,7,3,3,5,0,65.6666641235352,1,0.445675253868103,1,-0.514051795005798,0,6
"629",241,41,4,1,5,6,2,3,5,5,72.3333358764648,1,0.445675253868103,1,-0.194478139281273,0,10
"630",262,4,4,2,2,4,1,2,0,1,56.75,1,0.445675253868103,1,0.764242827892303,1,8
"631",264,1,4,2,0,6,2,1,6,2,58.5,0,0.445675253868103,1,0.604456007480621,1,6
"632",280,16,3,0,5,6,1,2,1,1,83,1,0.445675253868103,1,-0.67383861541748,0,8
"633",283,15,4,2,1,6,1,2,7,6,86.5,1,0.445675253868103,1,0.125095501542091,1,7
"634",289,10,4,0,1,6,2,3,5,2,33,0,0.445675253868103,1,-0.0346913151443005,0,5
"635",304,10,3,0,1,5,2,2,7,7,70,1,0.445675253868103,1,-0.194478139281273,0,4
"636",308,40,5,1,0,6,3,3,8,8,78.5,1,0.445675253868103,1,-0.0346913151443005,0,6
"637",315,5,5,2,5,6,1,1,7,6,72,1,0.445675253868103,1,-1.63255953788757,0,12
"638",319,3,2,0,0,7,2,1,7,8,84.3333358764648,1,0.445675253868103,1,-1.15319907665253,0,2
"639",338,6,5,0,0,5,3,3,6,7,50,0,0.445675253868103,1,0.284882336854935,1,5
"640",340,12,3,0,1,5,2,3,7,8,66,1,0.445675253868103,1,1.2436032295227,1,4
"641",356,10,2,1,1,7,2,1,6,6,85,1,0.445675253868103,1,0.924029648303986,1,4
"642",362,5,4,1,2,5,2,2,7,7,63.5,1,0.445675253868103,1,-0.67383861541748,0,7
"643",374,2,4,0,0,3,3,3,5,2,51.4000015258789,0,0.445675253868103,1,1.40339004993439,1,4
"644",381,6,3,0,1,7,1,2,0,0,75,1,0.445675253868103,1,-0.67383861541748,0,4
"645",389,4,2,2,0,5,2,2,2,2,72.6666641235352,0,0.445675253868103,1,1.2436032295227,1,4
"646",408,24,4,1,2,7,2,2,6,5,69.5,1,0.445675253868103,1,-0.0346913151443005,0,7
"647",410,35,4,2,8,6,2,1,1,2,79,0,0.445675253868103,1,-0.0346913151443005,0,14
"648",412,24,6,0,1,7,3,3,6,7,77.5,1,0.445675253868103,1,-1.79234635829926,0,7
"649",421,1,3,2,2,3,2,1,6,2,53.2000007629395,1,0.445675253868103,1,-0.0346913151443005,0,7
"650",422,3,4,2,2,3,2,2,5,5,54,0,0.445675253868103,1,0.604456007480621,1,8
"651",423,24,5,2,2,7,3,3,2,2,86.5,0,0.445675253868103,1,-0.0346913151443005,0,9
"652",432,9,4,1,2,5,2,2,6,6,67.5999984741211,0,0.445675253868103,1,0.924029648303986,1,7
"653",454,1,4,0,0,2,3,2,5,5,79,1,0.445675253868103,1,-1.47277271747589,0,4
"654",465,8,2,0,0,5,3,3,7,7,57,1,0.445675253868103,1,-0.194478139281273,0,2
"655",486,3,5,2,0,7,2,2,2,5,53,1,0.445675253868103,1,-0.0346913151443005,0,7
"656",489,5,5,0,1,5,3,2,7,7,73,1,0.445675253868103,1,-0.354264974594116,0,6
"657",509,15,5,2,2,7,0,2,3,6,71.5,1,0.445675253868103,1,0.604456007480621,1,9
"658",573,5,5,1,8,7,2,3,8,6,77.3333358764648,0,0.445675253868103,1,-0.194478139281273,0,14
"659",582,35,5,1,5,6,3,3,7,8,85,1,0.445675253868103,1,0.284882336854935,1,11
"660",595,5,2,0,0,6,2,2,6,5,70.8000030517578,0,0.445675253868103,1,1.40339004993439,1,2
"661",596,32,5,2,1,5,2,3,7,5,56,1,0.445675253868103,1,-0.354264974594116,0,8
"662",602,4,3,5,0,6,3,3,6,2,72.25,1,0.445675253868103,1,0.924029648303986,1,8
"663",605,11,5,5,5,6,2,2,2,2,65,1,0.445675253868103,1,0.764242827892303,1,15
"664",609,24,4,1,1,6,2,2,2,1,79.6666641235352,1,0.445675253868103,1,-0.194478139281273,0,6
"665",617,5,6,2,2,6,1,2,6,6,57,0,0.445675253868103,1,0.284882336854935,1,10
"666",631,14,2,0,0,6,1,1,8,6,80,1,0.445675253868103,1,0.125095501542091,1,2
"667",639,18,6,1,2,7,1,3,7,7,63,1,0.445675253868103,1,-0.833625435829163,0,9
"668",646,8,2,5,0,6,2,3,0,0,84.6666641235352,1,0.445675253868103,1,-1.31298589706421,0,7
"669",655,1,5,1,2,7,1,1,5,6,65.75,0,0.445675253868103,1,0.125095501542091,1,8
"670",671,3,4,1,1,7,2,2,6,6,50.5,1,0.445675253868103,1,-0.194478139281273,0,6
"671",674,2,3,1,0,7,1,2,0,6,76.5,0,0.445675253868103,1,0.604456007480621,1,4
"672",682,5,4,1,1,7,1,3,3,2,46,0,0.445675253868103,1,-1.31298589706421,0,6
"673",690,4,3,0,0,6,1,2,0,0,69,0,0.445675253868103,1,-1.15319907665253,0,3
"674",693,40,1,0,0,7,2,2,6,6,71.3333358764648,0,0.445675253868103,1,1.40339004993439,1,1
"675",703,5,4,5,0,7,1,3,6,6,80.75,1,0.445675253868103,1,-1.63255953788757,0,9
"676",705,1,5,2,2,7,3,3,5,5,75,1,0.445675253868103,1,-0.0346913151443005,0,9
"677",708,3,4,0,1,5,1,2,7,5,77.75,0,0.445675253868103,1,0.444669157266617,1,5
"678",712,15,3,5,8,7,3,3,6,6,71,1,0.445675253868103,1,-0.0346913151443005,0,16
"679",723,27,2,0,0,5,3,3,6,6,70.5,1,0.445675253868103,1,-2.2717068195343,0,2
"680",727,5,4,5,1,5,3,3,7,5,74,1,0.445675253868103,1,-0.194478139281273,0,10
"681",730,3,5,1,0,6,2,3,7,8,76.5,1,0.445675253868103,1,0.444669157266617,1,6
"682",792,20,5,0,1,7,2,3,1,1,69.5,0,0.445675253868103,1,-0.0346913151443005,0,6
"683",801,15,3,1,0,6,2,3,4,2,65,1,0.445675253868103,1,0.924029648303986,1,4
"684",804,12,5,1,0,7,2,2,6,6,68,1,0.445675253868103,1,1.56317687034607,1,6
"685",854,20,4,0,0,7,2,3,0,0,51.5,0,0.445675253868103,1,-0.0346913151443005,0,4
"686",883,6,5,1,0,7,2,2,6,6,65,1,0.445675253868103,1,-0.194478139281273,0,6
"687",892,2,3,1,2,7,2,3,1,2,69.5999984741211,0,0.445675253868103,1,1.08381640911102,1,6
"688",927,8,4,0,1,7,2,2,2,2,55,0,0.445675253868103,1,0.764242827892303,1,5
"689",937,12,5,8,2,7,3,3,7,6,72.6666641235352,1,0.445675253868103,1,-0.194478139281273,0,15
"690",951,10,4,0,0,7,3,3,6,6,70,0,0.445675253868103,1,-0.993412256240845,0,4
"691",958,5,5,2,2,7,0,2,7,8,67.75,1,0.445675253868103,1,-0.67383861541748,0,9
"692",966,19,6,5,5,7,2,2,8,7,73,1,0.445675253868103,1,0.764242827892303,1,16
"693",968,15,6,2,5,7,1,2,6,6,71.6666641235352,0,0.445675253868103,1,-0.354264974594116,0,13
"694",987,4,5,2,2,7,3,3,2,6,67.5,1,0.445675253868103,1,-0.67383861541748,0,9
"695",991,15,4,2,2,6,0,1,6,6,77.3333358764648,0,0.445675253868103,1,-0.194478139281273,0,8
"696",48,30,1,5,5,7,2,3,6,6,62.5,0,0.638380944728851,1,-0.833625435829163,0,11
"697",50,18,4,2,0,7,1,2,6,2,76.6666641235352,1,0.638380944728851,1,-0.993412256240845,0,6
"698",70,16,1,0,0,4,2,1,2,1,82.3333358764648,1,0.638380944728851,1,-0.0346913151443005,0,1
"699",84,30,5,1,0,6,1,1,6,6,84,0,0.638380944728851,1,-1.31298589706421,0,6
"700",89,8,5,5,2,6,2,3,2,2,50,0,0.638380944728851,1,-2.11192011833191,0,12
"701",98,4,2,0,0,7,2,1,6,6,84,1,0.638380944728851,1,0.604456007480621,1,2
"702",111,3,4,2,0,6,0,2,7,6,73,0,0.638380944728851,1,-0.0346913151443005,0,6
"703",119,57,5,2,2,6,1,0,6,6,86.25,1,0.638380944728851,1,-1.47277271747589,0,9
"704",121,4,3,0,0,5,1,2,2,6,78.75,0,0.638380944728851,1,-0.514051795005798,0,3
"705",122,3,5,0,0,6,3,3,7,7,60,1,0.638380944728851,1,-0.833625435829163,0,5
"706",125,2,4,1,2,6,2,2,7,7,14,1,0.638380944728851,1,-1.63255953788757,0,7
"707",131,6,5,5,8,7,1,1,6,2,66,1,0.638380944728851,1,-0.833625435829163,0,18
"708",150,21,6,2,8,7,2,2,0,5,59,1,0.638380944728851,1,2.04253745079041,1,16
"709",167,8,4,2,1,7,2,1,7,7,66,0,0.638380944728851,1,0.284882336854935,1,7
"710",174,2,4,2,2,6,1,2,7,6,61,1,0.638380944728851,1,-0.833625435829163,0,8
"711",192,12,4,0,1,7,2,3,5,5,68,0,0.638380944728851,1,-0.354264974594116,0,5
"712",196,21,3,1,1,4,2,2,7,6,83,1,0.638380944728851,1,-0.514051795005798,0,5
"713",239,30,4,0,1,7,2,2,6,6,78,0,0.638380944728851,1,-0.993412256240845,0,5
"714",252,38,4,1,2,7,2,3,8,8,73,1,0.638380944728851,1,0.284882336854935,1,7
"715",256,15,2,0,0,6,1,1,2,2,87.5,0,0.638380944728851,1,-1.95213317871094,0,2
"716",257,8,3,0,2,5,1,2,6,5,62,1,0.638380944728851,1,1.72296380996704,1,5
"717",268,6,3,0,0,7,2,2,6,0,90,1,0.638380944728851,1,-0.833625435829163,0,3
"718",287,10,4,1,1,6,2,3,2,2,76,0,0.638380944728851,1,-0.993412256240845,0,6
"719",306,10,3,0,0,7,2,2,6,5,71,1,0.638380944728851,1,-1.31298589706421,0,3
"720",320,1,3,1,0,6,1,2,2,1,66.8000030517578,1,0.638380944728851,1,1.08381640911102,1,4
"721",325,2,5,0,0,6,2,1,7,5,66.5,1,0.638380944728851,1,0.284882336854935,1,5
"722",337,4,4,0,0,5,0,0,8,6,81.5,1,0.638380944728851,1,-0.67383861541748,0,4
"723",353,12,3,2,1,7,1,1,2,7,85.75,1,0.638380944728851,1,1.88275063037872,1,6
"724",375,4,3,1,1,3,2,1,2,2,81.6666641235352,0,0.638380944728851,1,0.764242827892303,1,5
"725",385,15,3,0,1,7,0,2,2,5,77.5,1,0.638380944728851,1,0.604456007480621,1,4
"726",404,2,3,2,1,6,1,1,6,6,18,1,0.638380944728851,1,0.444669157266617,1,6
"727",420,1,1,1,0,5,2,2,5,5,52.5,0,0.638380944728851,1,-0.514051795005798,0,2
"728",435,6,4,1,2,5,1,2,8,6,77,1,0.638380944728851,1,1.08381640911102,1,7
"729",449,9,4,1,8,6,1,2,4,4,54,1,0.638380944728851,1,-0.67383861541748,0,13
"730",453,15,2,2,0,6,1,2,6,6,74.75,1,0.638380944728851,1,0.444669157266617,1,4
"731",466,15,4,0,2,7,2,2,6,4,79.3333358764648,0,0.638380944728851,1,-0.354264974594116,0,6
"732",479,20,3,1,1,7,3,3,6,6,82.75,0,0.638380944728851,1,-1.95213317871094,0,5
"733",485,8,3,5,2,4,1,2,1,2,69,0,0.638380944728851,1,0.764242827892303,1,10
"734",505,9,2,0,0,5,2,2,7,6,70,1,0.638380944728851,1,1.40339004993439,1,2
"735",510,1,2,0,0,7,2,3,8,8,81,1,0.638380944728851,1,-0.514051795005798,0,2
"736",514,35,5,5,5,7,2,3,7,6,71,1,0.638380944728851,1,-0.67383861541748,0,15
"737",570,35,5,2,8,7,1,3,6,6,78.6666641235352,0,0.638380944728851,1,-1.79234635829926,0,15
"738",574,33,3,5,2,7,1,2,7,6,91.6666641235352,1,0.638380944728851,1,0.284882336854935,1,10
"739",629,6,5,2,1,6,1,1,6,5,74.5,1,0.638380944728851,1,0.125095501542091,1,8
"740",637,30,4,0,0,5,3,3,0,0,61.5,0,0.638380944728851,1,2.04253745079041,1,4
"741",644,2,4,1,0,7,2,3,0,0,77.8000030517578,1,0.638380944728851,1,-1.15319907665253,0,5
"742",680,2,3,1,1,7,0,1,6,7,80,1,0.638380944728851,1,0.604456007480621,1,5
"743",692,15,6,0,0,7,1,1,6,6,76,1,0.638380944728851,1,-1.79234635829926,0,6
"744",697,28,3,1,5,6,2,2,6,2,65.5,1,0.638380944728851,1,-0.514051795005798,0,9
"745",716,5,5,0,0,7,2,2,2,2,72.6666641235352,0,0.638380944728851,1,-1.31298589706421,0,5
"746",719,6,3,2,1,7,2,2,7,6,70.5,1,0.638380944728851,1,0.125095501542091,1,6
"747",738,20,2,0,1,4,2,3,6,6,60.3333320617676,0,0.638380944728851,1,1.2436032295227,1,3
"748",755,2,3,0,0,7,2,3,0,0,57,0,0.638380944728851,1,1.08381640911102,1,3
"749",757,20,2,1,0,7,1,2,6,2,53,1,0.638380944728851,1,-0.67383861541748,0,3
"750",767,35,3,0,8,7,2,3,7,6,85,1,0.638380944728851,1,-0.993412256240845,0,11
"751",769,20,4,2,2,7,2,2,5,5,52,1,0.638380944728851,1,-0.514051795005798,0,8
"752",785,3,3,0,0,5,0,0,6,6,76,0,0.638380944728851,1,-0.354264974594116,0,3
"753",810,10,5,2,2,7,1,2,6,6,79.75,0,0.638380944728851,1,1.40339004993439,1,9
"754",829,10,3,2,2,6,2,2,6,6,64,0,0.638380944728851,1,0.604456007480621,1,7
"755",836,11,3,0,0,7,2,1,2,1,59.5,0,0.638380944728851,1,-0.993412256240845,0,3
"756",839,9,4,5,5,7,2,2,7,5,72,1,0.638380944728851,1,-0.993412256240845,0,14
"757",897,5,4,0,1,5,3,3,7,6,68.5,0,0.638380944728851,1,-0.67383861541748,0,5
"758",898,4,2,0,1,7,1,2,6,4,80.25,1,0.638380944728851,1,-0.194478139281273,0,3
"759",903,6,4,0,0,7,1,2,1,2,70,1,0.638380944728851,1,0.284882336854935,1,4
"760",924,13,4,0,0,6,2,2,6,6,65,0,0.638380944728851,1,0.444669157266617,1,4
"761",948,3,5,1,0,6,2,2,2,7,57,1,0.638380944728851,1,0.764242827892303,1,6
"762",974,15,5,0,1,7,2,3,2,5,80.6666641235352,0,0.638380944728851,1,1.72296380996704,1,6
"763",988,10,5,0,2,7,3,3,6,5,38,1,0.638380944728851,1,-0.67383861541748,0,7
"764",999,3,5,2,0,7,1,2,6,2,80.25,1,0.638380944728851,1,0.125095501542091,1,7
"765",1051,6,3,1,1,5,2,2,0,0,66,0,0.638380944728851,1,-0.67383861541748,0,5
"766",19,48,2,8,5,7,2,3,0,0,72.75,1,0.831086695194244,1,-0.833625435829163,0,15
"767",23,8,3,1,1,5,1,2,1,7,73.3333358764648,0,0.831086695194244,1,0.125095501542091,1,5
"768",34,5,5,2,5,7,3,3,1,1,75.5,0,0.831086695194244,1,-1.31298589706421,0,12
"769",42,9,5,1,0,7,2,2,5,6,73,0,0.831086695194244,1,0.764242827892303,1,6
"770",49,5,2,5,1,7,2,3,6,2,79,1,0.831086695194244,1,-1.95213317871094,0,8
"771",51,6,4,1,1,4,3,3,5,7,34,1,0.831086695194244,1,-0.514051795005798,0,6
"772",74,30,6,2,0,7,0,3,0,0,65.75,0,0.831086695194244,1,-1.47277271747589,0,8
"773",91,5,2,0,2,5,1,2,1,5,45,0,0.831086695194244,1,0.444669157266617,1,4
"774",107,6,4,2,1,4,2,1,5,5,71.75,1,0.831086695194244,1,-0.354264974594116,0,7
"775",142,3,4,5,2,4,2,2,1,2,65.3333358764648,0,0.831086695194244,1,0.604456007480621,1,11
"776",143,8,4,0,0,6,2,2,7,7,72,1,0.831086695194244,1,0.604456007480621,1,4
"777",179,2,4,1,1,5,0,1,0,2,61.3333320617676,0,0.831086695194244,1,-0.0346913151443005,0,6
"778",183,4,2,1,0,5,3,2,5,5,66.5,0,0.831086695194244,1,-1.63255953788757,0,3
"779",208,2,3,1,0,6,3,2,7,8,88.5,0,0.831086695194244,1,-2.11192011833191,0,4
"780",224,7,2,0,0,7,0,2,3,6,69,1,0.831086695194244,1,-1.15319907665253,0,2
"781",255,16,4,0,2,6,1,1,5,5,71,0,0.831086695194244,1,-0.0346913151443005,0,6
"782",258,3,2,2,0,7,2,2,6,7,63.75,1,0.831086695194244,1,-1.15319907665253,0,4
"783",274,2,4,0,0,4,1,1,6,6,43,1,0.831086695194244,1,-1.15319907665253,0,4
"784",297,10,3,0,0,6,1,1,2,2,62,1,0.831086695194244,1,-0.194478139281273,0,3
"785",302,25,3,0,1,7,3,2,0,6,60.5999984741211,1,0.831086695194244,1,-1.79234635829926,0,4
"786",318,16,5,2,2,7,3,3,7,6,77.5,1,0.831086695194244,1,0.604456007480621,1,9
"787",345,30,3,2,2,4,1,2,7,6,58.3333320617676,1,0.831086695194244,1,-1.15319907665253,0,7
"788",357,10,3,0,2,6,1,2,6,6,65.5,1,0.831086695194244,1,-0.67383861541748,0,5
"789",371,15,2,0,0,6,1,2,6,7,67.3333358764648,0,0.831086695194244,1,-1.47277271747589,0,2
"790",384,8,3,2,1,5,2,1,7,6,72,1,0.831086695194244,1,0.444669157266617,1,6
"791",386,20,3,0,5,7,1,2,7,6,76,1,0.831086695194244,1,-0.514051795005798,0,8
"792",387,5,4,0,2,4,2,3,5,5,74,1,0.831086695194244,1,-1.31298589706421,0,6
"793",414,3,4,0,0,7,2,3,2,6,70.5,0,0.831086695194244,1,0.764242827892303,1,4
"794",442,11,5,2,5,6,3,2,8,7,45.75,0,0.831086695194244,1,0.444669157266617,1,12
"795",445,6,6,0,0,7,1,2,7,7,72.5,1,0.831086695194244,1,1.40339004993439,1,6
"796",447,6,1,0,0,7,1,1,7,7,82.6666641235352,1,0.831086695194244,1,-1.31298589706421,0,1
"797",472,12,4,5,2,6,2,2,7,8,63,0,0.831086695194244,1,-0.194478139281273,0,11
"798",474,57,6,0,8,7,1,2,6,6,69,0,0.831086695194244,1,-0.194478139281273,0,14
"799",501,12,4,5,2,7,3,3,6,6,64.5,1,0.831086695194244,1,-0.194478139281273,0,11
"800",506,10,6,0,0,7,3,3,6,6,79,1,0.831086695194244,1,-0.993412256240845,0,6
"801",507,7,5,5,5,6,2,2,6,6,80,0,0.831086695194244,1,0.604456007480621,1,15
"802",516,8,2,0,0,7,1,2,6,7,77.5,1,0.831086695194244,1,-0.67383861541748,0,2
"803",522,21,6,5,5,7,2,3,7,8,79,1,0.831086695194244,1,-0.354264974594116,0,16
"804",525,24,4,2,2,6,1,1,5,2,83.3333358764648,0,0.831086695194244,1,-0.993412256240845,0,8
"805",526,7,3,1,5,7,1,2,6,5,79.5,0,0.831086695194244,1,-1.63255953788757,0,9
"806",611,2,6,2,5,7,2,3,8,5,60,1,0.831086695194244,1,2.04253745079041,1,13
"807",640,6,4,2,2,7,3,3,6,7,63.5,1,0.831086695194244,1,0.125095501542091,1,8
"808",645,10,4,1,8,7,2,1,2,1,55.5,0,0.831086695194244,1,-0.67383861541748,0,13
"809",650,20,4,0,0,7,2,2,0,5,78.4000015258789,1,0.831086695194244,1,-0.354264974594116,0,4
"810",665,3,2,0,5,2,3,2,7,6,67,1,0.831086695194244,1,0.604456007480621,1,7
"811",676,25,2,2,2,7,2,1,6,6,74.5,1,0.831086695194244,1,0.284882336854935,1,6
"812",713,8,5,1,2,7,3,3,4,6,70.5,1,0.831086695194244,1,1.56317687034607,1,8
"813",740,10,3,2,0,7,2,2,6,2,70.1999969482422,0,0.831086695194244,1,-0.194478139281273,0,5
"814",754,8,2,0,0,4,2,2,2,2,85,1,0.831086695194244,1,-1.15319907665253,0,2
"815",761,2,3,0,1,7,1,1,5,5,83.5,1,0.831086695194244,1,0.604456007480621,1,4
"816",763,8,5,2,1,5,3,1,6,6,81.6666641235352,1,0.831086695194244,1,0.604456007480621,1,8
"817",772,15,4,0,8,7,3,3,6,8,78,1,0.831086695194244,1,0.444669157266617,1,12
"818",797,21,4,2,0,6,3,3,6,2,76,0,0.831086695194244,1,-0.194478139281273,0,6
"819",799,4,5,8,5,5,3,3,6,6,74.6666641235352,0,0.831086695194244,1,0.125095501542091,1,18
"820",817,10,3,0,0,7,1,2,5,5,69.5,0,0.831086695194244,1,-0.993412256240845,0,3
"821",825,4,4,2,0,7,0,3,8,8,69.75,0,0.831086695194244,1,0.125095501542091,1,6
"822",826,15,4,0,0,7,2,3,1,1,85.3333358764648,1,0.831086695194244,1,-0.833625435829163,0,4
"823",837,21,3,0,0,6,3,3,1,5,70,0,0.831086695194244,1,-2.75106739997864,0,3
"824",849,10,4,5,2,5,1,1,2,2,80.25,0,0.831086695194244,1,-1.31298589706421,0,11
"825",858,6,3,0,2,5,1,1,7,7,78.5,1,0.831086695194244,1,-0.0346913151443005,0,5
"826",875,8,4,2,2,7,1,1,5,2,78,1,0.831086695194244,1,0.924029648303986,1,8
"827",876,10,2,5,8,7,2,2,2,5,65.75,0,0.831086695194244,1,0.125095501542091,1,15
"828",884,10,5,8,8,6,0,1,6,1,80.3333358764648,1,0.831086695194244,1,-0.0346913151443005,0,21
"829",885,4,5,2,2,6,2,2,6,6,65.3333358764648,1,0.831086695194244,1,1.2436032295227,1,9
"830",888,3,4,2,0,5,2,1,7,6,45,1,0.831086695194244,1,-0.514051795005798,0,6
"831",895,15,6,0,5,6,1,2,5,5,54,1,0.831086695194244,1,0.764242827892303,1,11
"832",904,12,5,0,1,4,1,1,6,5,56.5999984741211,0,0.831086695194244,1,-0.514051795005798,0,6
"833",911,6,5,1,0,7,2,3,2,5,27,0,0.831086695194244,1,-0.67383861541748,0,6
"834",938,14,5,0,5,7,2,1,6,7,73,1,0.831086695194244,1,0.764242827892303,1,10
"835",940,19,4,2,1,5,2,2,6,2,66.5,0,0.831086695194244,1,-0.514051795005798,0,7
"836",945,10,6,5,8,7,1,3,7,6,77.6666641235352,1,0.831086695194244,1,0.125095501542091,1,19
"837",950,2,1,0,0,5,0,1,8,6,72.5999984741211,0,0.831086695194244,1,-0.833625435829163,0,1
"838",956,3,2,0,0,5,3,3,6,0,59,1,0.831086695194244,1,-0.0346913151443005,0,2
"839",963,3,3,0,0,6,2,2,5,1,61,1,0.831086695194244,1,-0.67383861541748,0,3
"840",994,35,2,2,1,7,3,3,7,5,52.6666679382324,0,0.831086695194244,1,0.604456007480621,1,5
"841",1006,2,3,2,2,6,2,1,1,1,22.5,0,0.831086695194244,1,0.764242827892303,1,7
"842",1019,4,3,1,2,6,2,1,6,5,80,1,0.831086695194244,1,-2.11192011833191,0,6
"843",1029,8,4,2,1,6,1,1,5,5,75.3333358764648,0,0.831086695194244,1,-0.194478139281273,0,7
"844",1034,15,5,0,1,4,1,1,7,2,65,1,0.831086695194244,1,0.125095501542091,1,6
"845",3,1,1,0,0,5,2,2,3,8,51,1,1.02379238605499,1,0.125095501542091,1,1
"846",15,3,1,0,0,4,0,1,4,2,84.3333358764648,0,1.02379238605499,1,-1.47277271747589,0,1
"847",35,3,4,0,0,4,1,2,6,6,51,0,1.02379238605499,1,0.284882336854935,1,4
"848",55,15,3,1,0,4,1,2,7,0,77.75,1,1.02379238605499,1,-0.514051795005798,0,4
"849",56,4,5,1,5,5,3,3,5,2,67.3333358764648,0,1.02379238605499,1,1.08381640911102,1,11
"850",61,4,2,2,8,6,3,3,6,5,78.5,1,1.02379238605499,1,0.764242827892303,1,12
"851",66,1,4,0,0,4,1,2,1,1,67.5,0,1.02379238605499,1,-1.79234635829926,0,4
"852",87,4,2,1,1,3,3,3,6,6,77.3333358764648,1,1.02379238605499,1,0.125095501542091,1,4
"853",133,16,5,8,8,7,2,2,8,6,71,1,1.02379238605499,1,-1.31298589706421,0,21
"854",153,15,3,2,2,5,2,3,0,0,64.3333358764648,0,1.02379238605499,1,-0.194478139281273,0,7
"855",178,30,3,8,2,7,2,2,7,7,74,1,1.02379238605499,1,0.764242827892303,1,13
"856",204,10,3,2,0,7,3,3,7,7,67.5,0,1.02379238605499,1,-0.0346913151443005,0,5
"857",210,3,4,0,1,7,2,3,6,6,63,1,1.02379238605499,1,0.444669157266617,1,5
"858",223,8,5,1,2,5,1,2,0,5,77,0,1.02379238605499,1,-1.79234635829926,0,8
"859",235,20,5,0,0,5,2,3,6,5,68,1,1.02379238605499,1,-1.47277271747589,0,5
"860",248,21,4,5,8,6,1,1,6,6,89.5,1,1.02379238605499,1,1.2436032295227,1,17
"861",249,3,4,0,2,5,2,1,6,6,71.5,0,1.02379238605499,1,0.125095501542091,1,6
"862",251,24,4,1,0,5,1,2,6,6,82.5,1,1.02379238605499,1,-1.15319907665253,0,5
"863",288,1,4,0,1,7,1,2,2,1,76,0,1.02379238605499,1,-1.31298589706421,0,5
"864",292,6,3,0,0,6,1,1,7,3,84,1,1.02379238605499,1,-0.993412256240845,0,3
"865",322,1,2,0,0,7,3,3,6,2,60,1,1.02379238605499,1,-0.354264974594116,0,2
"866",323,50,4,2,8,7,3,3,4,2,69,1,1.02379238605499,1,-1.63255953788757,0,14
"867",335,7,5,0,0,5,2,2,7,7,71.3333358764648,1,1.02379238605499,1,-1.31298589706421,0,5
"868",342,15,2,1,0,7,2,3,8,7,76,1,1.02379238605499,1,-1.63255953788757,0,3
"869",366,7,4,1,1,7,3,3,7,6,74,1,1.02379238605499,1,-0.354264974594116,0,6
"870",456,7,3,2,1,5,2,2,6,6,60,1,1.02379238605499,1,0.764242827892303,1,6
"871",475,23,6,1,0,7,0,1,7,6,77.6666641235352,1,1.02379238605499,1,-1.31298589706421,0,7
"872",476,2,1,0,0,6,2,3,6,0,65.1999969482422,0,1.02379238605499,1,0.604456007480621,1,1
"873",498,20,4,0,1,6,1,3,7,7,88,0,1.02379238605499,1,-2.43149375915527,0,5
"874",513,2,5,2,2,6,0,1,5,2,75.8000030517578,0,1.02379238605499,1,-0.67383861541748,0,9
"875",524,8,4,0,0,5,3,1,7,0,62,0,1.02379238605499,1,-0.993412256240845,0,4
"876",538,3,4,0,0,6,1,2,5,6,5,1,1.02379238605499,1,0.125095501542091,1,4
"877",546,4,4,0,0,5,0,1,0,0,57,0,1.02379238605499,1,1.40339004993439,1,4
"878",550,15,2,0,0,5,2,2,7,7,66,1,1.02379238605499,1,1.2436032295227,1,2
"879",561,10,1,0,0,2,0,2,7,7,61,0,1.02379238605499,1,1.56317687034607,1,1
"880",589,2,4,0,1,7,0,1,1,1,70,0,1.02379238605499,1,-0.67383861541748,0,5
"881",600,25,4,2,5,7,1,0,0,5,70.5,1,1.02379238605499,1,-0.354264974594116,0,11
"882",618,10,4,2,2,6,1,2,2,2,68,0,1.02379238605499,1,0.125095501542091,1,8
"883",636,6,3,0,2,4,3,3,6,6,80.5,1,1.02379238605499,1,-0.993412256240845,0,5
"884",642,4,2,1,0,7,1,3,5,5,61,1,1.02379238605499,1,-1.95213317871094,0,3
"885",666,5,4,2,2,6,2,1,6,4,70.3333358764648,0,1.02379238605499,1,-1.47277271747589,0,8
"886",668,6,4,5,2,5,2,2,6,5,85,1,1.02379238605499,1,-2.43149375915527,0,11
"887",691,7,3,2,5,6,1,0,6,6,86,0,1.02379238605499,1,-0.194478139281273,0,10
"888",718,3,3,0,1,7,0,0,6,6,78.3333358764648,1,1.02379238605499,1,0.604456007480621,1,4
"889",726,10,5,2,0,5,1,2,6,2,81,1,1.02379238605499,1,0.444669157266617,1,7
"890",735,16,6,2,0,7,0,2,2,2,67,1,1.02379238605499,1,-1.63255953788757,0,8
"891",742,2,3,0,0,6,2,3,6,6,65,0,1.02379238605499,1,-1.63255953788757,0,3
"892",752,7,4,1,2,5,1,3,6,3,55,1,1.02379238605499,1,-1.31298589706421,0,7
"893",753,7,3,0,0,5,2,2,8,7,85,1,1.02379238605499,1,-0.993412256240845,0,3
"894",774,8,4,0,0,5,2,2,0,0,68,0,1.02379238605499,1,-0.194478139281273,0,4
"895",805,5,5,2,2,5,1,1,7,6,85,1,1.02379238605499,1,-0.354264974594116,0,9
"896",806,3,4,1,0,7,1,2,7,6,70.5,1,1.02379238605499,1,-1.79234635829926,0,5
"897",822,8,4,0,0,7,2,3,1,2,89.5,0,1.02379238605499,1,0.125095501542091,1,4
"898",850,20,6,2,8,7,2,3,6,6,71,1,1.02379238605499,1,0.924029648303986,1,16
"899",855,9,4,1,0,6,2,3,7,6,72.5,0,1.02379238605499,1,-2.2717068195343,0,5
"900",862,7,4,2,0,7,2,2,6,6,90,1,1.02379238605499,1,0.444669157266617,1,6
"901",905,1,4,2,0,4,1,0,7,6,79.5,0,1.02379238605499,1,-2.2717068195343,0,6
"902",921,10,2,0,0,7,3,3,6,6,56.5,0,1.02379238605499,1,-0.833625435829163,0,2
"903",946,6,4,0,0,6,2,2,6,7,65.5,1,1.02379238605499,1,0.764242827892303,1,4
"904",967,2,4,0,0,7,2,3,6,7,84,1,1.02379238605499,1,0.924029648303986,1,4
"905",970,6,5,0,2,7,3,3,0,0,66,1,1.02379238605499,1,1.08381640911102,1,7
"906",981,5,4,0,2,4,1,3,1,1,62.5,0,1.02379238605499,1,-0.0346913151443005,0,6
"907",986,8,3,0,1,7,1,1,1,2,55,0,1.02379238605499,1,0.125095501542091,1,4
"908",998,6,5,0,0,5,0,1,6,6,77,0,1.02379238605499,1,-0.0346913151443005,0,5
"909",1004,2,3,1,1,7,2,1,1,1,86,1,1.02379238605499,1,-0.833625435829163,0,5
"910",1039,4,2,1,2,6,1,1,6,6,80,0,1.02379238605499,1,-1.15319907665253,0,5
"911",1041,10,4,1,2,6,2,2,5,2,72.5,0,1.02379238605499,1,-0.0346913151443005,0,7
"912",13,50,4,2,0,5,2,2,6,5,79.3333358764648,0,1.21649813652039,1,-1.15319907665253,0,6
"913",20,18,4,2,2,3,1,1,6,5,64,1,1.21649813652039,1,-0.67383861541748,0,8
"914",67,2,2,0,0,2,2,1,6,6,75.3333358764648,0,1.21649813652039,1,-0.354264974594116,0,2
"915",69,3,5,0,0,6,3,3,2,2,71.75,0,1.21649813652039,1,-0.514051795005798,0,5
"916",113,1,5,2,0,6,3,3,6,6,73,1,1.21649813652039,1,1.2436032295227,1,7
"917",120,6,4,2,2,5,1,2,0,0,54.5,0,1.21649813652039,1,-0.514051795005798,0,8
"918",147,9,5,2,5,7,2,3,7,6,75.5,1,1.21649813652039,1,-1.47277271747589,0,12
"919",164,4,5,2,0,6,2,3,6,4,73.5,1,1.21649813652039,1,-1.31298589706421,0,7
"920",269,7,3,0,1,7,1,2,7,6,75,1,1.21649813652039,1,0.125095501542091,1,4
"921",275,3,1,0,0,5,2,1,6,8,64,1,1.21649813652039,1,-0.993412256240845,0,1
"922",296,5,4,0,1,5,2,2,8,5,68,0,1.21649813652039,1,1.08381640911102,1,5
"923",316,10,4,0,2,4,3,3,1,1,78,0,1.21649813652039,1,0.444669157266617,1,6
"924",391,4,4,0,1,5,1,1,2,2,65.25,0,1.21649813652039,1,-0.0346913151443005,0,5
"925",405,8,4,0,2,5,1,2,6,5,78,0,1.21649813652039,1,1.72296380996704,1,6
"926",443,1,2,1,2,1,1,0,6,1,37,0,1.21649813652039,1,-0.0346913151443005,0,5
"927",444,5,2,1,2,6,2,3,6,2,82.5,1,1.21649813652039,1,0.284882336854935,1,5
"928",462,20,5,0,0,6,2,2,5,6,50.5,1,1.21649813652039,1,-0.993412256240845,0,5
"929",490,20,1,0,0,7,3,3,2,0,75,1,1.21649813652039,1,1.56317687034607,1,1
"930",495,6,4,1,5,6,1,2,7,8,72,0,1.21649813652039,1,-0.514051795005798,0,10
"931",542,2,2,1,0,7,2,2,6,0,82.75,1,1.21649813652039,1,-0.833625435829163,0,3
"932",581,5,3,2,1,7,3,2,6,5,72,1,1.21649813652039,1,-0.514051795005798,0,6
"933",619,10,5,0,0,7,0,1,3,2,33,1,1.21649813652039,1,-0.194478139281273,0,5
"934",623,6,4,2,2,7,3,3,8,8,78.3333358764648,1,1.21649813652039,1,1.72296380996704,1,8
"935",632,4,4,1,2,6,1,3,0,0,72.6666641235352,1,1.21649813652039,1,-0.993412256240845,0,7
"936",634,12,5,8,2,6,0,1,7,7,91,1,1.21649813652039,1,-1.31298589706421,0,15
"937",672,6,4,1,2,6,1,2,7,7,70,1,1.21649813652039,1,1.2436032295227,1,7
"938",675,10,4,2,0,7,3,3,5,5,53.5,0,1.21649813652039,1,0.125095501542091,1,6
"939",685,3,5,0,0,7,2,3,6,5,62.4000015258789,1,1.21649813652039,1,0.604456007480621,1,5
"940",698,10,3,1,0,5,1,1,4,3,66,1,1.21649813652039,1,0.604456007480621,1,4
"941",700,2,5,1,1,6,3,1,0,7,92.5,0,1.21649813652039,1,-1.63255953788757,0,7
"942",720,8,3,0,0,5,1,2,7,7,89,0,1.21649813652039,1,-2.59128046035767,0,3
"943",728,8,4,1,1,7,1,2,6,2,71,1,1.21649813652039,1,-0.194478139281273,0,6
"944",734,5,3,0,0,6,1,2,0,6,74,1,1.21649813652039,1,1.2436032295227,1,3
"945",741,6,3,2,2,4,1,1,6,5,42,0,1.21649813652039,1,0.125095501542091,1,7
"946",743,32,5,0,0,6,1,1,6,2,67.5,0,1.21649813652039,1,0.125095501542091,1,5
"947",751,5,4,2,5,5,1,1,8,5,70.5,1,1.21649813652039,1,-0.0346913151443005,0,11
"948",758,4,4,5,1,7,1,2,8,6,71,1,1.21649813652039,1,0.125095501542091,1,10
"949",791,5,3,1,2,5,1,2,5,2,68,1,1.21649813652039,1,-1.47277271747589,0,6
"950",802,8,5,1,2,7,1,3,6,6,73.3333358764648,1,1.21649813652039,1,-1.15319907665253,0,8
"951",803,8,6,5,0,7,3,2,4,1,78,0,1.21649813652039,1,-1.15319907665253,0,11
"952",812,2,2,2,0,7,3,2,6,2,63,0,1.21649813652039,1,1.56317687034607,1,4
"953",814,3,3,2,2,6,1,2,2,2,65.6666641235352,1,1.21649813652039,1,-1.95213317871094,0,7
"954",818,13,5,0,8,7,1,3,0,0,63.75,0,1.21649813652039,1,0.764242827892303,1,13
"955",830,12,2,0,2,4,2,1,0,0,73.6666641235352,0,1.21649813652039,1,-2.75106739997864,0,4
"956",838,1,3,0,0,6,2,2,1,1,79.5,1,1.21649813652039,1,0.924029648303986,1,3
"957",848,10,3,2,0,7,2,3,5,3,70,1,1.21649813652039,1,-0.514051795005798,0,5
"958",851,7,5,2,2,6,1,2,6,6,81,1,1.21649813652039,1,0.764242827892303,1,9
"959",859,3,2,0,1,7,2,3,7,6,64,1,1.21649813652039,1,1.88275063037872,1,3
"960",867,3,4,1,0,7,2,2,6,1,71.3333358764648,0,1.21649813652039,1,-0.993412256240845,0,5
"961",874,2,3,0,1,6,0,2,6,6,74,0,1.21649813652039,1,0.125095501542091,1,4
"962",909,20,5,0,0,5,3,3,7,5,57.5,0,1.21649813652039,1,-0.833625435829163,0,5
"963",918,6,2,1,0,4,3,3,5,2,76,0,1.21649813652039,1,1.72296380996704,1,3
"964",923,4,3,2,0,2,3,3,5,2,62.5,1,1.21649813652039,1,-0.514051795005798,0,5
"965",944,25,1,0,0,6,1,2,6,2,55.5,0,1.21649813652039,1,-1.47277271747589,0,1
"966",953,1,4,1,1,6,2,2,6,6,70,1,1.21649813652039,1,-0.354264974594116,0,6
"967",954,12,1,1,2,5,1,3,6,6,62,0,1.21649813652039,1,-1.63255953788757,0,4
"968",984,4,6,2,0,7,3,3,6,6,52.75,0,1.21649813652039,1,0.284882336854935,1,8
"969",1008,12,4,2,2,6,1,1,2,3,58.25,0,1.21649813652039,1,-1.79234635829926,0,8
"970",1023,5,4,2,1,4,2,2,5,2,69,1,1.21649813652039,1,-0.993412256240845,0,7
"971",1036,40,2,0,0,6,1,0,6,6,69.5,0,1.21649813652039,1,-1.79234635829926,0,2
"972",1040,7,6,1,0,5,0,1,2,1,87,0,1.21649813652039,1,-1.31298589706421,0,7
"973",25,1,4,0,0,7,1,2,6,6,69,1,1.40920376777649,1,-0.514051795005798,0,4
"974",30,5,5,0,0,6,1,2,1,1,67.25,1,1.40920376777649,1,0.924029648303986,1,5
"975",54,15,2,1,0,7,1,3,6,2,96,1,1.40920376777649,1,-0.354264974594116,0,3
"976",79,12,3,2,1,6,2,2,2,2,50,0,1.40920376777649,1,-0.194478139281273,0,6
"977",90,15,2,0,0,5,2,2,2,2,46.5,0,1.40920376777649,1,0.444669157266617,1,2
"978",112,3,1,0,0,5,2,2,5,5,71,0,1.40920376777649,1,-0.514051795005798,0,1
"979",198,10,3,1,1,6,2,2,2,2,50,0,1.40920376777649,1,1.56317687034607,1,5
"980",279,50,4,0,0,6,2,2,6,7,80.5,1,1.40920376777649,1,0.125095501542091,1,4
"981",282,5,6,1,1,7,1,1,2,2,69.5,1,1.40920376777649,1,-1.63255953788757,0,8
"982",293,10,2,0,0,7,0,1,7,6,82.3333358764648,1,1.40920376777649,1,-2.11192011833191,0,2
"983",317,8,5,0,2,5,1,1,7,4,63,0,1.40920376777649,1,-0.194478139281273,0,7
"984",321,10,2,0,0,5,2,2,2,2,77,1,1.40920376777649,1,-0.833625435829163,0,2
"985",393,4,5,1,8,7,2,3,2,5,89.5,0,1.40920376777649,1,-0.354264974594116,0,14
"986",433,15,4,0,2,4,3,1,6,6,81.6666641235352,1,1.40920376777649,1,-1.31298589706421,0,6
"987",478,8,5,0,5,5,2,2,6,6,89.3333358764648,0,1.40920376777649,1,-0.833625435829163,0,10
"988",554,15,3,2,2,6,1,2,6,6,82.6666641235352,1,1.40920376777649,1,1.56317687034607,1,7
"989",572,18,2,0,0,7,2,3,6,6,78,1,1.40920376777649,1,0.764242827892303,1,2
"990",579,3,4,2,8,6,3,3,0,0,75,1,1.40920376777649,1,-0.0346913151443005,0,14
"991",620,41,6,5,8,7,3,3,0,0,83.5,0,1.40920376777649,1,0.764242827892303,1,19
"992",653,11,2,2,8,7,1,3,5,6,72.5999984741211,0,1.40920376777649,1,0.924029648303986,1,12
"993",659,9,3,1,0,4,1,1,0,6,76,1,1.40920376777649,1,-1.15319907665253,0,4
"994",731,1,4,0,0,5,0,2,2,2,63.6666679382324,0,1.40920376777649,1,-0.514051795005798,0,4
"995",739,27,3,0,0,7,2,3,6,6,69,1,1.40920376777649,1,-1.47277271747589,0,3
"996",770,5,4,0,0,7,2,2,1,0,69,0,1.40920376777649,1,-2.11192011833191,0,4
"997",780,7,5,0,0,7,2,2,7,7,74.5,1,1.40920376777649,1,-1.31298589706421,0,5
"998",834,2,5,0,0,2,0,3,1,1,73,0,1.40920376777649,1,-0.993412256240845,0,5
"999",866,4,4,8,8,7,2,3,1,2,73.5,1,1.40920376777649,1,-0.993412256240845,0,20
"1000",871,4,5,1,2,7,1,2,6,6,66,1,1.40920376777649,1,1.2436032295227,1,8
"1001",890,31,2,0,0,6,2,2,5,5,84.5,0,1.40920376777649,1,-0.833625435829163,0,2
"1002",922,15,4,2,5,7,2,2,5,5,61,0,1.40920376777649,1,0.444669157266617,1,11
"1003",933,10,4,1,1,4,1,2,2,2,60,0,1.40920376777649,1,-0.993412256240845,0,6
"1004",936,2,4,0,0,7,2,3,6,6,67,1,1.40920376777649,1,-1.47277271747589,0,4
"1005",952,57,2,0,0,7,3,2,1,1,81,1,1.40920376777649,1,-2.75106739997864,0,2
"1006",964,10,4,0,0,7,2,2,2,4,69.8000030517578,0,1.40920376777649,1,-0.514051795005798,0,4
"1007",1002,18,4,2,1,7,2,3,0,0,55,0,1.40920376777649,1,0.284882336854935,1,7
"1008",1038,1,3,0,0,7,2,2,2,2,60,1,1.40920376777649,1,-0.354264974594116,0,3
"1009",1050,14,3,0,0,7,3,3,6,2,48.5,1,1.40920376777649,1,-0.194478139281273,0,3
"1010",126,14,2,2,1,7,2,3,1,5,76.25,1,1.60190951824188,1,-0.0346913151443005,0,5
"1011",139,4,1,2,0,7,3,2,7,6,76.6666641235352,0,1.60190951824188,1,-0.833625435829163,0,3
"1012",333,7,5,2,0,6,1,1,6,6,77,1,1.60190951824188,1,0.764242827892303,1,7
"1013",413,5,4,5,5,7,0,2,2,2,64.5,0,1.60190951824188,1,-0.514051795005798,0,14
"1014",430,13,5,2,2,7,1,1,7,6,82,1,1.60190951824188,1,-1.79234635829926,0,9
"1015",591,20,4,0,8,7,2,2,6,6,79.6666641235352,0,1.60190951824188,1,-0.833625435829163,0,12
"1016",593,2,3,0,0,6,3,2,7,3,71,1,1.60190951824188,1,-1.47277271747589,0,3
"1017",756,32,5,1,0,7,3,3,6,2,61,0,1.60190951824188,1,-0.354264974594116,0,6
"1018",820,12,5,1,2,7,2,3,6,6,66,1,1.60190951824188,1,0.444669157266617,1,8
"1019",824,3,3,0,0,3,2,1,0,6,64,1,1.60190951824188,1,-0.194478139281273,0,3
"1020",891,1,3,1,0,7,2,1,2,5,73,1,1.60190951824188,1,-1.95213317871094,0,4
"1021",1,5,5,5,1,6,1,2,4,5,66,1,1.79461526870728,1,0.604456007480621,1,11
"1022",9,3,2,2,0,5,2,3,8,7,54,1,1.79461526870728,1,-1.79234635829926,0,4
"1023",94,24,2,0,0,6,2,1,6,7,85,1,1.79461526870728,1,-1.47277271747589,0,2
"1024",194,4,4,0,0,6,3,2,6,6,75,1,1.79461526870728,1,-0.833625435829163,0,4
"1025",243,30,3,5,2,6,1,1,2,5,76.75,1,1.79461526870728,1,0.444669157266617,1,10
"1026",261,20,1,0,0,7,2,3,6,6,81.5,1,1.79461526870728,1,-2.59128046035767,0,1
"1027",271,14,2,0,0,7,2,2,5,1,75,1,1.79461526870728,1,-1.15319907665253,0,2
"1028",339,14,5,0,0,5,3,2,6,1,59,0,1.79461526870728,1,-1.15319907665253,0,5
"1029",378,6,5,1,8,7,3,3,6,6,77,1,1.79461526870728,1,-0.0346913151443005,0,14
"1030",417,20,6,2,5,7,1,2,6,6,73,1,1.79461526870728,1,-1.15319907665253,0,13
"1031",438,17,3,0,0,5,2,2,8,6,73,0,1.79461526870728,1,-0.833625435829163,0,3
"1032",673,15,2,0,0,6,1,2,2,2,80,0,1.79461526870728,1,-1.95213317871094,0,2
"1033",721,7,2,1,2,6,2,2,6,6,82,1,1.79461526870728,1,0.764242827892303,1,5
"1034",766,4,5,0,0,6,2,2,6,5,77.6666641235352,0,1.79461526870728,1,0.924029648303986,1,5
"1035",782,10,3,0,0,5,1,2,8,6,78.6666641235352,0,1.79461526870728,1,0.604456007480621,1,3
"1036",783,12,4,0,0,6,1,2,6,6,79.5,0,1.79461526870728,1,-0.514051795005798,0,4
"1037",793,1,5,5,5,5,1,1,8,6,67.5,1,1.79461526870728,1,-1.47277271747589,0,15
"1038",853,24,4,2,5,7,2,3,6,6,87,1,1.79461526870728,1,-0.67383861541748,0,11
"1039",947,13,2,0,0,7,3,2,8,7,50,1,1.79461526870728,1,1.08381640911102,1,2
"1040",1022,14,5,8,2,5,2,3,6,6,55,1,1.79461526870728,1,0.604456007480621,1,15
"1041",1028,28,3,1,2,6,1,2,5,2,56,1,1.79461526870728,1,0.284882336854935,1,6
"1042",77,10,4,0,0,7,1,2,6,6,70.6666641235352,1,1.98732089996338,1,-1.31298589706421,0,4
"1043",402,39,4,1,0,6,0,0,0,0,81.5,1,1.98732089996338,1,-1.63255953788757,0,5
"1044",492,6,4,1,2,7,0,2,6,2,63,1,1.98732089996338,1,-0.354264974594116,0,7
"1045",601,3,3,2,5,6,2,1,5,7,85,1,1.98732089996338,1,0.764242827892303,1,10
"1046",669,25,4,5,2,7,2,3,7,6,85.4000015258789,1,1.98732089996338,1,-0.354264974594116,0,11
"1047",709,4,5,0,0,4,1,1,7,7,77.5,0,1.98732089996338,1,-0.354264974594116,0,5
"1048",872,2,4,2,1,5,2,1,0,0,64.6666641235352,0,1.98732089996338,1,-0.514051795005798,0,7
"1049",880,1,3,2,2,5,2,3,5,2,73,1,1.98732089996338,1,0.284882336854935,1,7
"1050",919,5,5,1,1,4,2,1,6,2,85.5,0,1.98732089996338,1,0.444669157266617,1,7
"1051",973,10,2,0,0,6,3,2,5,2,82.25,1,1.98732089996338,1,-1.47277271747589,0,2
"1052",156,4,5,1,0,7,1,2,6,6,77,1,2.18002653121948,1,0.764242827892303,1,6
"1053",1048,1,5,0,0,7,2,1,6,6,65,0,2.18002653121948,1,0.764242827892303,1,5
